-- phpMyAdmin SQL Dump
-- version 5.2.1
-- https://www.phpmyadmin.net/
--
-- Host: 127.0.0.1
-- Generation Time: Jul 29, 2025 at 12:31 PM
-- Server version: 10.4.32-MariaDB
-- PHP Version: 8.2.12

SET SQL_MODE = "NO_AUTO_VALUE_ON_ZERO";
START TRANSACTION;
SET time_zone = "+00:00";


/*!40101 SET @OLD_CHARACTER_SET_CLIENT=@@CHARACTER_SET_CLIENT */;
/*!40101 SET @OLD_CHARACTER_SET_RESULTS=@@CHARACTER_SET_RESULTS */;
/*!40101 SET @OLD_COLLATION_CONNECTION=@@COLLATION_CONNECTION */;
/*!40101 SET NAMES utf8mb4 */;

--
-- Database: `sisaket_db`
--

-- --------------------------------------------------------

--
-- Table structure for table `healthstaff_shelters`
--

CREATE TABLE `healthstaff_shelters` (
  `id` int(11) NOT NULL,
  `user_id` int(11) NOT NULL,
  `shelter_id` int(11) NOT NULL,
  `created_at` timestamp NOT NULL DEFAULT current_timestamp()
) ENGINE=InnoDB DEFAULT CHARSET=utf8mb4 COLLATE=utf8mb4_unicode_ci;

-- --------------------------------------------------------

--
-- Table structure for table `hospital_daily_reports`
--

CREATE TABLE `hospital_daily_reports` (
  `id` int(11) NOT NULL,
  `shelter_id` int(11) NOT NULL,
  `report_date` date NOT NULL,
  `total_patients` int(11) DEFAULT 0,
  `male_patients` int(11) DEFAULT 0,
  `female_patients` int(11) DEFAULT 0,
  `pregnant_women` int(11) DEFAULT 0,
  `disabled_patients` int(11) DEFAULT 0,
  `bedridden_patients` int(11) DEFAULT 0,
  `elderly_patients` int(11) DEFAULT 0,
  `child_patients` int(11) DEFAULT 0,
  `chronic_disease_patients` int(11) DEFAULT 0,
  `diabetes_patients` int(11) DEFAULT 0,
  `hypertension_patients` int(11) DEFAULT 0,
  `heart_disease_patients` int(11) DEFAULT 0,
  `mental_health_patients` int(11) DEFAULT 0,
  `kidney_disease_patients` int(11) DEFAULT 0,
  `other_monitored_diseases` int(11) DEFAULT 0,
  `notes` text DEFAULT NULL,
  `created_at` timestamp NOT NULL DEFAULT current_timestamp(),
  `updated_at` timestamp NOT NULL DEFAULT current_timestamp() ON UPDATE current_timestamp(),
  `created_by` int(11) DEFAULT NULL
) ENGINE=InnoDB DEFAULT CHARSET=utf8mb4 COLLATE=utf8mb4_unicode_ci;

--
-- Dumping data for table `hospital_daily_reports`
--

INSERT INTO `hospital_daily_reports` (`id`, `shelter_id`, `report_date`, `total_patients`, `male_patients`, `female_patients`, `pregnant_women`, `disabled_patients`, `bedridden_patients`, `elderly_patients`, `child_patients`, `chronic_disease_patients`, `diabetes_patients`, `hypertension_patients`, `heart_disease_patients`, `mental_health_patients`, `kidney_disease_patients`, `other_monitored_diseases`, `notes`, `created_at`, `updated_at`, `created_by`) VALUES
(3, 71, '2025-07-28', 350, 0, 0, 0, 0, 0, 0, 0, 0, 0, 0, 0, 0, 0, 0, NULL, '2025-07-28 08:14:33', '2025-07-28 08:14:33', 3),
(4, 72, '2025-07-28', 400, 0, 0, 0, 0, 0, 0, 0, 0, 0, 0, 0, 0, 0, 0, NULL, '2025-07-28 08:28:13', '2025-07-28 11:11:11', 4),
(5, 73, '2025-07-28', 397, 0, 0, 0, 0, 0, 0, 0, 0, 0, 0, 0, 0, 0, 0, NULL, '2025-07-28 08:30:18', '2025-07-28 09:42:15', 4),
(6, 74, '2025-07-28', 170, 0, 0, 0, 0, 0, 0, 0, 0, 0, 0, 0, 0, 0, 0, NULL, '2025-07-28 08:34:27', '2025-07-28 08:34:27', 4),
(7, 76, '2025-07-28', 90, 0, 0, 0, 0, 0, 0, 0, 0, 0, 0, 0, 0, 0, 0, NULL, '2025-07-28 08:36:13', '2025-07-28 08:36:13', 4),
(8, 77, '2025-07-28', 84, 0, 0, 0, 0, 0, 0, 0, 0, 0, 0, 0, 0, 0, 0, NULL, '2025-07-28 08:37:27', '2025-07-28 09:43:57', 4),
(9, 78, '2025-07-28', 350, 0, 0, 0, 0, 0, 0, 0, 0, 0, 0, 0, 0, 0, 0, NULL, '2025-07-28 08:41:26', '2025-07-28 08:41:26', 4),
(10, 79, '2025-07-28', 264, 0, 0, 0, 0, 0, 0, 0, 0, 0, 0, 0, 0, 0, 0, NULL, '2025-07-28 08:42:41', '2025-07-28 08:42:41', 4),
(11, 80, '2025-07-28', 310, 0, 0, 0, 0, 0, 0, 0, 0, 0, 0, 0, 0, 0, 0, NULL, '2025-07-28 08:43:48', '2025-07-28 08:43:48', 4),
(12, 81, '2025-07-28', 136, 0, 0, 0, 0, 0, 0, 0, 0, 0, 0, 0, 0, 0, 0, NULL, '2025-07-28 08:45:02', '2025-07-28 08:45:02', 4),
(13, 82, '2025-07-28', 95, 0, 0, 0, 0, 0, 0, 0, 0, 0, 0, 0, 0, 0, 0, NULL, '2025-07-28 08:45:48', '2025-07-28 08:45:48', 4),
(14, 83, '2025-07-28', 201, 0, 0, 0, 0, 0, 0, 0, 0, 0, 0, 0, 0, 0, 0, NULL, '2025-07-28 08:46:43', '2025-07-28 08:46:43', 4),
(16, 91, '2025-07-28', 138, 0, 0, 0, 0, 0, 0, 0, 0, 0, 0, 0, 0, 0, 0, NULL, '2025-07-28 08:55:55', '2025-07-28 08:55:55', 4),
(17, 93, '2025-07-28', 350, 0, 0, 0, 0, 0, 0, 0, 0, 0, 0, 0, 0, 0, 0, NULL, '2025-07-28 08:56:46', '2025-07-28 08:56:46', 4),
(18, 94, '2025-07-28', 2106, 0, 0, 0, 0, 0, 0, 0, 0, 0, 0, 0, 0, 0, 0, NULL, '2025-07-28 08:58:49', '2025-07-28 08:58:49', 4),
(19, 95, '2025-07-28', 210, 0, 0, 0, 0, 0, 0, 0, 0, 0, 0, 0, 0, 0, 0, NULL, '2025-07-28 08:59:29', '2025-07-28 08:59:29', 4),
(20, 97, '2025-07-28', 38, 0, 0, 0, 0, 0, 0, 0, 0, 0, 0, 0, 0, 0, 0, NULL, '2025-07-28 09:00:56', '2025-07-28 09:00:56', 4),
(21, 98, '2025-07-28', 20, 0, 0, 0, 0, 0, 0, 0, 0, 0, 0, 0, 0, 0, 0, NULL, '2025-07-28 09:01:32', '2025-07-28 09:01:32', 4),
(22, 99, '2025-07-28', 165, 0, 0, 0, 0, 0, 0, 0, 0, 0, 0, 0, 0, 0, 0, NULL, '2025-07-28 09:02:16', '2025-07-28 09:02:16', 4),
(23, 100, '2025-07-28', 61, 0, 0, 0, 0, 0, 0, 0, 0, 0, 0, 0, 0, 0, 0, NULL, '2025-07-28 09:03:00', '2025-07-28 09:03:00', 4),
(24, 101, '2025-07-28', 63, 0, 0, 0, 0, 0, 0, 0, 0, 0, 0, 0, 0, 0, 0, NULL, '2025-07-28 09:03:31', '2025-07-28 09:03:31', 4),
(25, 102, '2025-07-28', 65, 0, 0, 0, 0, 0, 0, 0, 0, 0, 0, 0, 0, 0, 0, NULL, '2025-07-28 09:04:03', '2025-07-28 09:04:03', 4),
(26, 103, '2025-07-28', 250, 0, 0, 0, 0, 0, 0, 0, 0, 0, 0, 0, 0, 0, 0, NULL, '2025-07-28 09:04:34', '2025-07-28 09:04:34', 4),
(27, 104, '2025-07-28', 65, 0, 0, 0, 0, 0, 0, 0, 0, 0, 0, 0, 0, 0, 0, NULL, '2025-07-28 09:04:59', '2025-07-28 09:04:59', 4),
(28, 105, '2025-07-28', 468, 0, 0, 0, 0, 0, 0, 0, 0, 0, 0, 0, 0, 0, 0, NULL, '2025-07-28 09:05:45', '2025-07-28 09:05:45', 4),
(29, 106, '2025-07-28', 225, 0, 0, 0, 0, 0, 0, 0, 0, 0, 0, 0, 0, 0, 0, NULL, '2025-07-28 09:06:57', '2025-07-28 09:06:57', 4),
(30, 107, '2025-07-28', 5, 0, 0, 0, 0, 0, 0, 0, 0, 0, 0, 0, 0, 0, 0, NULL, '2025-07-28 09:07:33', '2025-07-28 09:07:33', 4),
(31, 108, '2025-07-28', 39, 0, 0, 0, 0, 0, 0, 0, 0, 0, 0, 0, 0, 0, 0, NULL, '2025-07-28 09:08:02', '2025-07-28 09:08:02', 4),
(32, 109, '2025-07-28', 99, 0, 0, 0, 0, 0, 0, 0, 0, 0, 0, 0, 0, 0, 0, NULL, '2025-07-28 09:08:56', '2025-07-28 09:08:56', 4),
(33, 110, '2025-07-28', 11, 0, 0, 0, 0, 0, 0, 0, 0, 0, 0, 0, 0, 0, 0, NULL, '2025-07-28 09:12:58', '2025-07-28 09:12:58', 4),
(34, 111, '2025-07-28', 66, 0, 0, 0, 0, 0, 0, 0, 0, 0, 0, 0, 0, 0, 0, NULL, '2025-07-28 09:13:33', '2025-07-28 09:13:33', 4),
(35, 112, '2025-07-28', 82, 0, 0, 0, 0, 0, 0, 0, 0, 0, 0, 0, 0, 0, 0, NULL, '2025-07-28 09:14:04', '2025-07-28 09:14:04', 4),
(36, 113, '2025-07-28', 142, 0, 0, 0, 0, 0, 0, 0, 0, 0, 0, 0, 0, 0, 0, NULL, '2025-07-28 09:14:32', '2025-07-28 09:14:32', 4),
(37, 114, '2025-07-28', 157, 0, 0, 0, 0, 0, 0, 0, 0, 0, 0, 0, 0, 0, 0, NULL, '2025-07-28 09:15:01', '2025-07-28 09:15:01', 4),
(38, 115, '2025-07-28', 50, 0, 0, 0, 0, 0, 0, 0, 0, 0, 0, 0, 0, 0, 0, NULL, '2025-07-28 09:15:30', '2025-07-28 09:15:30', 4),
(40, 117, '2025-07-28', 160, 0, 0, 0, 0, 0, 0, 0, 0, 0, 0, 0, 0, 0, 0, NULL, '2025-07-28 09:18:16', '2025-07-28 09:18:16', 4),
(41, 118, '2025-07-28', 118, 0, 0, 0, 0, 0, 0, 0, 0, 0, 0, 0, 0, 0, 0, NULL, '2025-07-28 09:18:48', '2025-07-28 09:18:48', 4),
(42, 119, '2025-07-28', 936, 0, 0, 0, 0, 0, 0, 0, 0, 0, 0, 0, 0, 0, 0, NULL, '2025-07-28 09:19:36', '2025-07-28 09:19:36', 4),
(43, 120, '2025-07-28', 104, 0, 0, 0, 0, 0, 0, 0, 0, 0, 0, 0, 0, 0, 0, NULL, '2025-07-28 09:19:58', '2025-07-28 09:19:58', 4),
(44, 121, '2025-07-28', 349, 0, 0, 0, 0, 0, 0, 0, 0, 0, 0, 0, 0, 0, 0, NULL, '2025-07-28 09:20:30', '2025-07-28 09:20:30', 4),
(45, 122, '2025-07-28', 236, 0, 0, 0, 0, 0, 0, 0, 0, 0, 0, 0, 0, 0, 0, NULL, '2025-07-28 09:21:49', '2025-07-28 09:21:49', 4),
(46, 123, '2025-07-28', 142, 0, 0, 0, 0, 0, 0, 0, 0, 0, 0, 0, 0, 0, 0, NULL, '2025-07-28 09:22:33', '2025-07-28 09:22:33', 4),
(47, 124, '2025-07-28', 346, 0, 0, 0, 0, 0, 0, 0, 0, 0, 0, 0, 0, 0, 0, NULL, '2025-07-28 09:23:06', '2025-07-28 09:23:06', 4),
(48, 125, '2025-07-28', 143, 0, 0, 0, 0, 0, 0, 0, 0, 0, 0, 0, 0, 0, 0, NULL, '2025-07-28 09:23:34', '2025-07-28 09:23:34', 4),
(49, 127, '2025-07-28', 71, 0, 0, 0, 0, 0, 0, 0, 0, 0, 0, 0, 0, 0, 0, NULL, '2025-07-28 09:23:59', '2025-07-28 09:23:59', 4),
(50, 128, '2025-07-28', 10, 0, 0, 0, 0, 0, 0, 0, 0, 0, 0, 0, 0, 0, 0, NULL, '2025-07-28 09:24:22', '2025-07-28 09:24:22', 4),
(51, 129, '2025-07-28', 7, 0, 0, 0, 0, 0, 0, 0, 0, 0, 0, 0, 0, 0, 0, NULL, '2025-07-28 09:24:41', '2025-07-28 09:24:41', 4),
(52, 130, '2025-07-28', 35, 0, 0, 0, 0, 0, 0, 0, 0, 0, 0, 0, 0, 0, 0, NULL, '2025-07-28 09:25:04', '2025-07-28 09:25:04', 4),
(53, 131, '2025-07-28', 24, 0, 0, 0, 0, 0, 0, 0, 0, 0, 0, 0, 0, 0, 0, NULL, '2025-07-28 09:25:41', '2025-07-28 09:25:41', 4),
(54, 132, '2025-07-28', 73, 0, 0, 0, 0, 0, 0, 0, 0, 0, 0, 0, 0, 0, 0, NULL, '2025-07-28 09:26:38', '2025-07-28 09:26:38', 4),
(55, 134, '2025-07-28', 190, 0, 0, 0, 0, 0, 0, 0, 0, 0, 0, 0, 0, 0, 0, NULL, '2025-07-28 09:27:03', '2025-07-28 09:27:03', 4),
(56, 135, '2025-07-28', 70, 0, 0, 0, 0, 0, 0, 0, 0, 0, 0, 0, 0, 0, 0, NULL, '2025-07-28 09:27:27', '2025-07-28 09:27:27', 4),
(57, 136, '2025-07-28', 87, 0, 0, 0, 0, 0, 0, 0, 0, 0, 0, 0, 0, 0, 0, NULL, '2025-07-28 09:28:02', '2025-07-28 09:28:02', 4),
(58, 133, '2025-07-28', 20, 0, 0, 0, 0, 0, 0, 0, 0, 0, 0, 0, 0, 0, 0, NULL, '2025-07-28 09:28:03', '2025-07-28 09:28:03', 4),
(60, 138, '2025-07-28', 46, 0, 0, 0, 0, 0, 0, 0, 0, 0, 0, 0, 0, 0, 0, NULL, '2025-07-28 09:28:57', '2025-07-28 09:28:57', 4),
(61, 139, '2025-07-28', 120, 0, 0, 0, 0, 0, 0, 0, 0, 0, 0, 0, 0, 0, 0, NULL, '2025-07-28 09:29:18', '2025-07-28 09:29:18', 4),
(62, 140, '2025-07-28', 90, 0, 0, 0, 0, 0, 0, 0, 0, 0, 0, 0, 0, 0, 0, NULL, '2025-07-28 09:29:42', '2025-07-28 09:29:42', 4),
(63, 141, '2025-07-28', 53, 0, 0, 0, 0, 0, 0, 0, 0, 0, 0, 0, 0, 0, 0, NULL, '2025-07-28 09:30:03', '2025-07-28 09:30:03', 4),
(64, 142, '2025-07-28', 73, 0, 0, 0, 0, 0, 0, 0, 0, 0, 0, 0, 0, 0, 0, NULL, '2025-07-28 09:30:31', '2025-07-28 09:30:31', 4),
(65, 143, '2025-07-28', 116, 0, 0, 0, 0, 0, 0, 0, 0, 0, 0, 0, 0, 0, 0, NULL, '2025-07-28 09:31:21', '2025-07-28 09:31:21', 4),
(66, 144, '2025-07-28', 147, 0, 0, 0, 0, 0, 0, 0, 0, 0, 0, 0, 0, 0, 0, NULL, '2025-07-28 09:31:46', '2025-07-28 09:31:46', 4),
(67, 146, '2025-07-28', 130, 0, 0, 0, 0, 0, 0, 0, 0, 0, 0, 0, 0, 0, 0, NULL, '2025-07-28 09:32:07', '2025-07-28 09:32:07', 4),
(68, 147, '2025-07-28', 32, 0, 0, 0, 0, 0, 0, 0, 0, 0, 0, 0, 0, 0, 0, NULL, '2025-07-28 09:32:27', '2025-07-28 09:32:27', 4),
(69, 148, '2025-07-28', 70, 0, 0, 0, 0, 0, 0, 0, 0, 0, 0, 0, 0, 0, 0, NULL, '2025-07-28 09:32:56', '2025-07-28 09:32:56', 4),
(71, 145, '2025-07-28', 5200, 0, 0, 0, 0, 0, 0, 0, 0, 0, 0, 0, 0, 0, 0, NULL, '2025-07-28 09:36:36', '2025-07-28 09:36:36', 4),
(72, 150, '2025-07-28', 66, 0, 0, 0, 0, 0, 0, 0, 0, 0, 0, 0, 0, 0, 0, NULL, '2025-07-28 09:36:57', '2025-07-28 09:36:57', 4),
(73, 151, '2025-07-28', 104, 0, 0, 0, 0, 0, 0, 0, 0, 0, 0, 0, 0, 0, 0, NULL, '2025-07-28 09:37:26', '2025-07-28 09:37:26', 4),
(74, 152, '2025-07-28', 82, 0, 0, 0, 0, 0, 0, 0, 0, 0, 0, 0, 0, 0, 0, NULL, '2025-07-28 09:37:52', '2025-07-28 09:37:52', 4),
(75, 154, '2025-07-28', 30, 0, 0, 0, 0, 0, 0, 0, 0, 0, 0, 0, 0, 0, 0, NULL, '2025-07-28 09:38:19', '2025-07-28 09:38:19', 4),
(76, 153, '2025-07-28', 245, 0, 0, 0, 0, 0, 0, 0, 0, 0, 0, 0, 0, 0, 0, NULL, '2025-07-28 09:38:20', '2025-07-28 09:38:20', 4),
(77, 155, '2025-07-28', 50, 0, 0, 0, 0, 0, 0, 0, 0, 0, 0, 0, 0, 0, 0, NULL, '2025-07-28 09:38:49', '2025-07-28 09:38:49', 4),
(78, 156, '2025-07-28', 4, 0, 0, 0, 0, 0, 0, 0, 0, 0, 0, 0, 0, 0, 0, NULL, '2025-07-28 09:39:09', '2025-07-28 09:39:09', 4),
(79, 157, '2025-07-28', 303, 0, 0, 0, 0, 0, 0, 0, 0, 0, 0, 0, 0, 0, 0, NULL, '2025-07-28 09:39:35', '2025-07-28 09:39:35', 4),
(80, 158, '2025-07-28', 10, 0, 0, 0, 0, 0, 0, 0, 0, 0, 0, 0, 0, 0, 0, NULL, '2025-07-28 09:39:41', '2025-07-28 09:39:41', 4),
(81, 159, '2025-07-28', 561, 0, 0, 0, 0, 0, 0, 0, 0, 0, 0, 0, 0, 0, 0, NULL, '2025-07-28 09:40:48', '2025-07-28 09:40:48', 4),
(82, 160, '2025-07-28', 389, 0, 0, 0, 0, 0, 0, 0, 0, 0, 0, 0, 0, 0, 0, NULL, '2025-07-28 09:41:53', '2025-07-28 09:41:53', 4),
(83, 161, '2025-07-28', 365, 0, 0, 0, 0, 0, 0, 0, 0, 0, 0, 0, 0, 0, 0, NULL, '2025-07-28 09:43:23', '2025-07-28 09:43:23', 4),
(84, 162, '2025-07-28', 728, 0, 0, 0, 0, 0, 0, 0, 0, 0, 0, 0, 0, 0, 0, NULL, '2025-07-28 09:45:21', '2025-07-28 09:45:21', 4),
(85, 163, '2025-07-28', 1365, 0, 0, 0, 0, 0, 0, 0, 0, 0, 0, 0, 0, 0, 0, NULL, '2025-07-28 09:47:14', '2025-07-28 09:47:14', 4),
(86, 164, '2025-07-28', 85, 0, 0, 0, 0, 0, 0, 0, 0, 0, 0, 0, 0, 0, 0, NULL, '2025-07-28 09:48:01', '2025-07-28 09:48:01', 4),
(87, 165, '2025-07-28', 405, 0, 0, 0, 0, 0, 0, 0, 0, 0, 0, 0, 0, 0, 0, NULL, '2025-07-28 09:48:35', '2025-07-28 09:48:35', 4),
(88, 166, '2025-07-28', 91, 0, 0, 0, 0, 0, 0, 0, 0, 0, 0, 0, 0, 0, 0, NULL, '2025-07-28 09:49:05', '2025-07-28 09:49:05', 4),
(89, 168, '2025-07-28', 78, 0, 0, 0, 0, 0, 0, 0, 0, 0, 0, 0, 0, 0, 0, NULL, '2025-07-28 09:49:53', '2025-07-28 09:49:53', 4),
(90, 167, '2025-07-28', 669, 0, 0, 0, 0, 0, 0, 0, 0, 0, 0, 0, 0, 0, 0, NULL, '2025-07-28 09:49:56', '2025-07-28 09:49:56', 4),
(91, 169, '2025-07-28', 432, 0, 0, 0, 0, 0, 0, 0, 0, 0, 0, 0, 0, 0, 0, NULL, '2025-07-28 09:53:20', '2025-07-28 09:53:20', 4),
(92, 170, '2025-07-28', 389, 0, 0, 0, 0, 0, 0, 0, 0, 0, 0, 0, 0, 0, 0, NULL, '2025-07-28 09:55:40', '2025-07-28 09:55:40', 4),
(93, 171, '2025-07-28', 227, 0, 0, 0, 0, 0, 0, 0, 0, 0, 0, 0, 0, 0, 0, NULL, '2025-07-28 09:56:10', '2025-07-28 09:56:10', 4),
(94, 172, '2025-07-28', 227, 0, 0, 0, 0, 0, 0, 0, 0, 0, 0, 0, 0, 0, 0, NULL, '2025-07-28 09:56:40', '2025-07-28 09:56:40', 4),
(95, 173, '2025-07-28', 325, 0, 0, 0, 0, 0, 0, 0, 0, 0, 0, 0, 0, 0, 0, NULL, '2025-07-28 09:57:05', '2025-07-28 09:57:05', 4),
(97, 176, '2025-07-28', 167, 0, 0, 0, 0, 0, 0, 0, 0, 0, 0, 0, 0, 0, 0, NULL, '2025-07-28 10:00:01', '2025-07-28 10:00:01', 4),
(98, 177, '2025-07-28', 138, 0, 0, 0, 0, 0, 0, 0, 0, 0, 0, 0, 0, 0, 0, NULL, '2025-07-28 10:00:33', '2025-07-28 10:00:33', 4),
(100, 178, '2025-07-28', 14, 0, 0, 0, 0, 0, 0, 0, 0, 0, 0, 0, 0, 0, 0, NULL, '2025-07-28 10:01:00', '2025-07-28 10:01:00', 4),
(101, 179, '2025-07-28', 266, 0, 0, 0, 0, 0, 0, 0, 0, 0, 0, 0, 0, 0, 0, NULL, '2025-07-28 10:01:28', '2025-07-28 10:01:28', 4),
(102, 96, '2025-07-28', 282, 0, 0, 0, 0, 0, 0, 0, 0, 0, 0, 0, 0, 0, 0, NULL, '2025-07-28 10:02:11', '2025-07-28 10:02:11', 4),
(103, 180, '2025-07-28', 8, 0, 0, 0, 0, 0, 0, 0, 0, 0, 0, 0, 0, 0, 0, NULL, '2025-07-28 10:02:18', '2025-07-28 10:02:18', 4),
(104, 181, '2025-07-28', 27, 0, 0, 0, 0, 0, 0, 0, 0, 0, 0, 0, 0, 0, 0, NULL, '2025-07-28 10:03:01', '2025-07-28 10:03:01', 4),
(105, 182, '2025-07-28', 196, 0, 0, 0, 0, 0, 0, 0, 0, 0, 0, 0, 0, 0, 0, NULL, '2025-07-28 10:03:32', '2025-07-28 10:03:32', 4),
(106, 183, '2025-07-28', 8, 0, 0, 0, 0, 0, 0, 0, 0, 0, 0, 0, 0, 0, 0, NULL, '2025-07-28 10:03:55', '2025-07-28 10:03:55', 4),
(107, 184, '2025-07-28', 47, 0, 0, 0, 0, 0, 0, 0, 0, 0, 0, 0, 0, 0, 0, NULL, '2025-07-28 10:04:19', '2025-07-28 10:04:19', 4),
(108, 185, '2025-07-28', 48, 0, 0, 0, 0, 0, 0, 0, 0, 0, 0, 0, 0, 0, 0, NULL, '2025-07-28 10:05:08', '2025-07-28 10:05:08', 4),
(109, 187, '2025-07-28', 206, 0, 0, 0, 0, 0, 0, 0, 0, 0, 0, 0, 0, 0, 0, NULL, '2025-07-28 10:09:52', '2025-07-28 10:09:52', 4),
(110, 188, '2025-07-28', 284, 0, 0, 0, 0, 0, 0, 0, 0, 0, 0, 0, 0, 0, 0, NULL, '2025-07-28 10:10:52', '2025-07-28 10:10:52', 4),
(111, 54, '2025-07-28', 330, 0, 0, 0, 0, 0, 0, 0, 0, 0, 0, 0, 0, 0, 0, NULL, '2025-07-28 10:11:26', '2025-07-28 10:11:26', 4),
(112, 56, '2025-07-28', 205, 0, 0, 0, 0, 0, 0, 0, 0, 0, 0, 0, 0, 0, 0, NULL, '2025-07-28 10:12:04', '2025-07-28 10:12:04', 4),
(113, 189, '2025-07-28', 168, 0, 0, 0, 0, 0, 0, 0, 0, 0, 0, 0, 0, 0, 0, NULL, '2025-07-28 10:12:34', '2025-07-28 10:12:34', 4),
(114, 190, '2025-07-28', 186, 0, 0, 0, 0, 0, 0, 0, 0, 0, 0, 0, 0, 0, 0, NULL, '2025-07-28 10:13:06', '2025-07-28 10:13:06', 4),
(115, 191, '2025-07-28', 206, 0, 0, 0, 0, 0, 0, 0, 0, 0, 0, 0, 0, 0, 0, NULL, '2025-07-28 10:13:42', '2025-07-28 10:13:42', 4),
(116, 193, '2025-07-28', 83, 0, 0, 0, 0, 0, 0, 0, 0, 0, 0, 0, 0, 0, 0, NULL, '2025-07-28 10:14:41', '2025-07-28 10:14:41', 4),
(117, 195, '2025-07-28', 177, 0, 0, 0, 0, 0, 0, 0, 0, 0, 0, 0, 0, 0, 0, NULL, '2025-07-28 10:16:21', '2025-07-28 10:16:21', 4),
(118, 196, '2025-07-28', 76, 0, 0, 0, 0, 0, 0, 0, 0, 0, 0, 0, 0, 0, 0, NULL, '2025-07-28 10:17:07', '2025-07-28 10:17:07', 4),
(119, 197, '2025-07-28', 99, 0, 0, 0, 0, 0, 0, 0, 0, 0, 0, 0, 0, 0, 0, NULL, '2025-07-28 10:17:34', '2025-07-28 10:17:34', 4),
(120, 198, '2025-07-28', 24, 0, 0, 0, 0, 0, 0, 0, 0, 0, 0, 0, 0, 0, 0, NULL, '2025-07-28 10:17:58', '2025-07-28 10:17:58', 4),
(121, 199, '2025-07-28', 94, 0, 0, 0, 0, 0, 0, 0, 0, 0, 0, 0, 0, 0, 0, NULL, '2025-07-28 10:18:27', '2025-07-28 10:18:27', 4),
(122, 200, '2025-07-28', 12, 0, 0, 0, 0, 0, 0, 0, 0, 0, 0, 0, 0, 0, 0, NULL, '2025-07-28 10:18:28', '2025-07-28 10:18:28', 4),
(123, 202, '2025-07-28', 151, 0, 0, 0, 0, 0, 0, 0, 0, 0, 0, 0, 0, 0, 0, NULL, '2025-07-28 10:19:21', '2025-07-28 10:19:21', 4),
(124, 203, '2025-07-28', 100, 0, 0, 0, 0, 0, 0, 0, 0, 0, 0, 0, 0, 0, 0, NULL, '2025-07-28 10:20:01', '2025-07-28 10:20:01', 4),
(125, 204, '2025-07-28', 180, 0, 0, 0, 0, 0, 0, 0, 0, 0, 0, 0, 0, 0, 0, NULL, '2025-07-28 10:20:48', '2025-07-28 10:20:48', 4),
(126, 206, '2025-07-28', 40, 0, 0, 0, 0, 0, 0, 0, 0, 0, 0, 0, 0, 0, 0, NULL, '2025-07-28 10:21:34', '2025-07-28 10:21:34', 4),
(127, 208, '2025-07-28', 55, 0, 0, 0, 0, 0, 0, 0, 0, 0, 0, 0, 0, 0, 0, NULL, '2025-07-28 10:22:23', '2025-07-28 10:22:23', 4),
(129, 209, '2025-07-28', 80, 0, 0, 0, 0, 0, 0, 0, 0, 0, 0, 0, 0, 0, 0, NULL, '2025-07-28 10:23:18', '2025-07-28 10:23:18', 4),
(130, 210, '2025-07-28', 240, 0, 0, 0, 0, 0, 0, 0, 0, 0, 0, 0, 0, 0, 0, NULL, '2025-07-28 10:24:19', '2025-07-28 10:24:19', 4),
(131, 211, '2025-07-28', 105, 0, 0, 0, 0, 0, 0, 0, 0, 0, 0, 0, 0, 0, 0, NULL, '2025-07-28 10:26:46', '2025-07-28 10:26:46', 4),
(132, 212, '2025-07-28', 100, 0, 0, 0, 0, 0, 0, 0, 0, 0, 0, 0, 0, 0, 0, NULL, '2025-07-28 10:27:26', '2025-07-28 10:27:26', 4),
(133, 213, '2025-07-28', 100, 0, 0, 0, 0, 0, 0, 0, 0, 0, 0, 0, 0, 0, 0, NULL, '2025-07-28 10:29:45', '2025-07-28 10:29:45', 4),
(134, 214, '2025-07-28', 8, 0, 0, 0, 0, 0, 0, 0, 0, 0, 0, 0, 0, 0, 0, NULL, '2025-07-28 10:31:17', '2025-07-28 10:31:17', 4),
(135, 216, '2025-07-28', 104, 0, 0, 0, 0, 0, 0, 0, 0, 0, 0, 0, 0, 0, 0, NULL, '2025-07-28 10:31:55', '2025-07-28 10:31:55', 4),
(136, 217, '2025-07-28', 16, 0, 0, 0, 0, 0, 0, 0, 0, 0, 0, 0, 0, 0, 0, NULL, '2025-07-28 10:32:32', '2025-07-28 10:32:32', 4),
(137, 218, '2025-07-28', 25, 0, 0, 0, 0, 0, 0, 0, 0, 0, 0, 0, 0, 0, 0, NULL, '2025-07-28 10:32:47', '2025-07-28 10:32:47', 4),
(138, 219, '2025-07-28', 2, 0, 0, 0, 0, 0, 0, 0, 0, 0, 0, 0, 0, 0, 0, NULL, '2025-07-28 10:33:22', '2025-07-28 10:33:22', 4),
(139, 220, '2025-07-28', 24, 0, 0, 0, 0, 0, 0, 0, 0, 0, 0, 0, 0, 0, 0, NULL, '2025-07-28 10:33:33', '2025-07-28 10:33:33', 4),
(140, 223, '2025-07-28', 10, 0, 0, 0, 0, 0, 0, 0, 0, 0, 0, 0, 0, 0, 0, NULL, '2025-07-28 10:36:44', '2025-07-28 10:36:44', 4),
(141, 224, '2025-07-28', 4, 0, 0, 0, 0, 0, 0, 0, 0, 0, 0, 0, 0, 0, 0, NULL, '2025-07-28 10:38:09', '2025-07-28 10:38:09', 4),
(142, 227, '2025-07-28', 300, 0, 0, 0, 0, 0, 0, 0, 0, 0, 0, 0, 0, 0, 0, NULL, '2025-07-28 10:56:39', '2025-07-28 10:56:39', 4),
(143, 231, '2025-07-28', 180, 0, 0, 0, 0, 0, 0, 0, 0, 0, 0, 0, 0, 0, 0, NULL, '2025-07-28 10:58:05', '2025-07-28 10:58:05', 4),
(144, 232, '2025-07-28', 15, 0, 0, 0, 0, 0, 0, 0, 0, 0, 0, 0, 0, 0, 0, NULL, '2025-07-28 10:59:08', '2025-07-28 10:59:08', 4),
(145, 233, '2025-07-28', 3, 0, 0, 0, 0, 0, 0, 0, 0, 0, 0, 0, 0, 0, 0, NULL, '2025-07-28 10:59:41', '2025-07-28 10:59:41', 4),
(146, 234, '2025-07-28', 55, 0, 0, 0, 0, 0, 0, 0, 0, 0, 0, 0, 0, 0, 0, NULL, '2025-07-28 11:00:08', '2025-07-28 11:00:08', 4),
(147, 235, '2025-07-28', 9, 0, 0, 0, 0, 0, 0, 0, 0, 0, 0, 0, 0, 0, 0, NULL, '2025-07-28 11:00:33', '2025-07-28 11:00:33', 4),
(148, 236, '2025-07-28', 12, 0, 0, 0, 0, 0, 0, 0, 0, 0, 0, 0, 0, 0, 0, NULL, '2025-07-28 11:01:06', '2025-07-28 11:01:06', 4),
(149, 240, '2025-07-28', 342, 0, 0, 0, 0, 0, 0, 0, 0, 0, 0, 0, 0, 0, 0, NULL, '2025-07-28 11:03:41', '2025-07-28 11:03:41', 4),
(150, 242, '2025-07-28', 50, 0, 0, 0, 0, 0, 0, 0, 0, 0, 0, 0, 0, 0, 0, NULL, '2025-07-28 11:04:17', '2025-07-28 11:04:17', 4),
(151, 243, '2025-07-28', 30, 0, 0, 0, 0, 0, 0, 0, 0, 0, 0, 0, 0, 0, 0, NULL, '2025-07-28 11:05:31', '2025-07-28 11:05:31', 4),
(152, 244, '2025-07-28', 132, 0, 0, 0, 0, 0, 0, 0, 0, 0, 0, 0, 0, 0, 0, NULL, '2025-07-28 11:06:53', '2025-07-28 11:06:53', 4),
(153, 248, '2025-07-28', 218, 0, 0, 0, 0, 0, 0, 0, 0, 0, 0, 0, 0, 0, 0, NULL, '2025-07-28 11:10:35', '2025-07-28 11:10:35', 4),
(154, 246, '2025-07-28', 78, 0, 0, 0, 0, 0, 0, 0, 0, 0, 0, 0, 0, 0, 0, NULL, '2025-07-28 11:12:10', '2025-07-28 11:12:10', 4),
(155, 15, '2025-07-28', 773, 0, 0, 0, 0, 0, 0, 0, 0, 0, 0, 0, 0, 0, 0, NULL, '2025-07-28 11:32:46', '2025-07-28 12:12:56', 2),
(156, 249, '2025-07-28', 180, 0, 0, 0, 0, 0, 0, 0, 0, 0, 0, 0, 0, 0, 0, NULL, '2025-07-28 12:00:00', '2025-07-28 12:00:00', 4),
(157, 250, '2025-07-28', 100, 0, 0, 0, 0, 0, 0, 0, 0, 0, 0, 0, 0, 0, 0, NULL, '2025-07-28 12:00:41', '2025-07-28 12:00:41', 4),
(158, 251, '2025-07-28', 20, 0, 0, 0, 0, 0, 0, 0, 0, 0, 0, 0, 0, 0, 0, NULL, '2025-07-28 12:01:22', '2025-07-28 12:01:22', 4),
(159, 252, '2025-07-28', 15, 0, 0, 0, 0, 0, 0, 0, 0, 0, 0, 0, 0, 0, 0, NULL, '2025-07-28 12:02:41', '2025-07-28 12:02:41', 4),
(160, 14, '2025-07-28', 326, 0, 0, 0, 0, 0, 0, 0, 0, 0, 0, 0, 0, 0, 0, NULL, '2025-07-28 12:11:50', '2025-07-28 12:11:50', 4),
(161, 16, '2025-07-28', 367, 0, 0, 0, 0, 0, 0, 0, 0, 0, 0, 0, 0, 0, 0, NULL, '2025-07-28 12:13:13', '2025-07-28 12:13:13', 4),
(162, 17, '2025-07-28', 355, 0, 0, 0, 0, 0, 0, 0, 0, 0, 0, 0, 0, 0, 0, NULL, '2025-07-28 12:13:36', '2025-07-28 12:13:36', 4),
(163, 18, '2025-07-28', 563, 0, 0, 0, 0, 0, 0, 0, 0, 0, 0, 0, 0, 0, 0, NULL, '2025-07-28 12:13:51', '2025-07-28 12:13:51', 4),
(164, 19, '2025-07-28', 619, 0, 0, 0, 0, 0, 0, 0, 0, 0, 0, 0, 0, 0, 0, NULL, '2025-07-28 12:15:35', '2025-07-28 12:15:35', 4),
(165, 20, '2025-07-28', 765, 0, 0, 0, 0, 0, 0, 0, 0, 0, 0, 0, 0, 0, 0, NULL, '2025-07-28 12:16:11', '2025-07-28 12:16:11', 4),
(166, 21, '2025-07-28', 396, 0, 0, 0, 0, 0, 0, 0, 0, 0, 0, 0, 0, 0, 0, NULL, '2025-07-28 12:16:32', '2025-07-28 12:16:32', 4),
(167, 24, '2025-07-28', 152, 0, 0, 0, 0, 0, 0, 0, 0, 0, 0, 0, 0, 0, 0, NULL, '2025-07-28 12:17:51', '2025-07-28 12:17:51', 4),
(168, 22, '2025-07-28', 508, 0, 0, 0, 0, 0, 0, 0, 0, 0, 0, 0, 0, 0, 0, NULL, '2025-07-28 12:18:52', '2025-07-28 12:18:52', 4),
(169, 23, '2025-07-28', 352, 0, 0, 0, 0, 0, 0, 0, 0, 0, 0, 0, 0, 0, 0, NULL, '2025-07-28 12:19:27', '2025-07-28 12:19:27', 4),
(170, 25, '2025-07-28', 545, 0, 0, 0, 0, 0, 0, 0, 0, 0, 0, 0, 0, 0, 0, NULL, '2025-07-28 12:21:07', '2025-07-28 12:21:07', 4),
(172, 254, '2025-07-29', 364, 165, 199, 0, 5, 3, 96, 75, 45, 26, 15, 3, 0, 0, 1, NULL, '2025-07-29 08:14:05', '2025-07-29 09:35:26', 34),
(173, 6, '2025-07-29', 25, 11, 14, 0, 0, 0, 1, 13, 5, 1, 3, 0, 0, 0, 0, NULL, '2025-07-29 08:31:20', '2025-07-29 08:31:20', 38),
(174, 57, '2025-07-29', 781, 298, 483, 2, 3, 2, 141, 53, 53, 0, 0, 0, 4, 0, 0, NULL, '2025-07-29 08:51:48', '2025-07-29 08:51:48', 42),
(175, 64, '2025-07-29', 287, 114, 173, 0, 0, 2, 36, 10, 16, 0, 0, 0, 1, 0, 0, NULL, '2025-07-29 08:53:28', '2025-07-29 08:53:28', 42),
(176, 121, '2025-07-29', 387, 17, 21, 0, 0, 0, 8, 7, 6, 2, 2, 2, 0, 0, 0, NULL, '2025-07-29 09:10:59', '2025-07-29 09:10:59', 1),
(177, 181, '2025-07-29', 27, 0, 0, 0, 0, 0, 0, 0, 0, 0, 0, 0, 0, 0, 0, NULL, '2025-07-29 09:26:03', '2025-07-29 09:26:24', 3),
(178, 39, '2025-07-29', 152, 0, 0, 0, 0, 0, 0, 0, 0, 2, 5, 1, 0, 0, 0, NULL, '2025-07-29 09:31:47', '2025-07-29 09:31:47', 9),
(179, 180, '2025-07-29', 97, 38, 51, 0, 3, 3, 32, 6, 1, 4, 5, 0, 1, 0, 0, NULL, '2025-07-29 09:33:50', '2025-07-29 09:34:20', 32),
(180, 120, '2025-07-29', 102, 0, 0, 0, 0, 0, 0, 0, 0, 0, 0, 0, 0, 0, 0, NULL, '2025-07-29 10:13:13', '2025-07-29 10:13:13', 22);

-- --------------------------------------------------------

--
-- Table structure for table `hospital_update_logs`
--

CREATE TABLE `hospital_update_logs` (
  `id` int(11) NOT NULL,
  `shelter_id` int(11) NOT NULL,
  `operation_type` enum('add','subtract') NOT NULL,
  `report_date` date NOT NULL,
  `old_total_patients` int(11) DEFAULT 0,
  `old_male_patients` int(11) DEFAULT 0,
  `old_female_patients` int(11) DEFAULT 0,
  `old_pregnant_women` int(11) DEFAULT 0,
  `old_disabled_patients` int(11) DEFAULT 0,
  `old_bedridden_patients` int(11) DEFAULT 0,
  `old_elderly_patients` int(11) DEFAULT 0,
  `old_child_patients` int(11) DEFAULT 0,
  `old_chronic_disease_patients` int(11) DEFAULT 0,
  `old_diabetes_patients` int(11) DEFAULT 0,
  `old_hypertension_patients` int(11) DEFAULT 0,
  `old_heart_disease_patients` int(11) DEFAULT 0,
  `old_mental_health_patients` int(11) DEFAULT 0,
  `old_kidney_disease_patients` int(11) DEFAULT 0,
  `old_other_monitored_diseases` int(11) DEFAULT 0,
  `change_total_patients` int(11) DEFAULT 0,
  `change_male_patients` int(11) DEFAULT 0,
  `change_female_patients` int(11) DEFAULT 0,
  `change_pregnant_women` int(11) DEFAULT 0,
  `change_disabled_patients` int(11) DEFAULT 0,
  `change_bedridden_patients` int(11) DEFAULT 0,
  `change_elderly_patients` int(11) DEFAULT 0,
  `change_child_patients` int(11) DEFAULT 0,
  `change_chronic_disease_patients` int(11) DEFAULT 0,
  `change_diabetes_patients` int(11) DEFAULT 0,
  `change_hypertension_patients` int(11) DEFAULT 0,
  `change_heart_disease_patients` int(11) DEFAULT 0,
  `change_mental_health_patients` int(11) DEFAULT 0,
  `change_kidney_disease_patients` int(11) DEFAULT 0,
  `change_other_monitored_diseases` int(11) DEFAULT 0,
  `new_total_patients` int(11) DEFAULT 0,
  `new_male_patients` int(11) DEFAULT 0,
  `new_female_patients` int(11) DEFAULT 0,
  `new_pregnant_women` int(11) DEFAULT 0,
  `new_disabled_patients` int(11) DEFAULT 0,
  `new_bedridden_patients` int(11) DEFAULT 0,
  `new_elderly_patients` int(11) DEFAULT 0,
  `new_child_patients` int(11) DEFAULT 0,
  `new_chronic_disease_patients` int(11) DEFAULT 0,
  `new_diabetes_patients` int(11) DEFAULT 0,
  `new_hypertension_patients` int(11) DEFAULT 0,
  `new_heart_disease_patients` int(11) DEFAULT 0,
  `new_mental_health_patients` int(11) DEFAULT 0,
  `new_kidney_disease_patients` int(11) DEFAULT 0,
  `new_other_monitored_diseases` int(11) DEFAULT 0,
  `notes` text DEFAULT NULL,
  `user_id` int(11) DEFAULT NULL,
  `ip_address` varchar(45) DEFAULT NULL,
  `user_agent` text DEFAULT NULL,
  `created_at` timestamp NOT NULL DEFAULT current_timestamp()
) ENGINE=InnoDB DEFAULT CHARSET=utf8mb4 COLLATE=utf8mb4_unicode_ci;

--
-- Dumping data for table `hospital_update_logs`
--

INSERT INTO `hospital_update_logs` (`id`, `shelter_id`, `operation_type`, `report_date`, `old_total_patients`, `old_male_patients`, `old_female_patients`, `old_pregnant_women`, `old_disabled_patients`, `old_bedridden_patients`, `old_elderly_patients`, `old_child_patients`, `old_chronic_disease_patients`, `old_diabetes_patients`, `old_hypertension_patients`, `old_heart_disease_patients`, `old_mental_health_patients`, `old_kidney_disease_patients`, `old_other_monitored_diseases`, `change_total_patients`, `change_male_patients`, `change_female_patients`, `change_pregnant_women`, `change_disabled_patients`, `change_bedridden_patients`, `change_elderly_patients`, `change_child_patients`, `change_chronic_disease_patients`, `change_diabetes_patients`, `change_hypertension_patients`, `change_heart_disease_patients`, `change_mental_health_patients`, `change_kidney_disease_patients`, `change_other_monitored_diseases`, `new_total_patients`, `new_male_patients`, `new_female_patients`, `new_pregnant_women`, `new_disabled_patients`, `new_bedridden_patients`, `new_elderly_patients`, `new_child_patients`, `new_chronic_disease_patients`, `new_diabetes_patients`, `new_hypertension_patients`, `new_heart_disease_patients`, `new_mental_health_patients`, `new_kidney_disease_patients`, `new_other_monitored_diseases`, `notes`, `user_id`, `ip_address`, `user_agent`, `created_at`) VALUES
(3, 71, 'add', '2025-07-28', 0, 0, 0, 0, 0, 0, 0, 0, 0, 0, 0, 0, 0, 0, 0, 350, 0, 0, 0, 0, 0, 0, 0, 0, 0, 0, 0, 0, 0, 0, 350, 0, 0, 0, 0, 0, 0, 0, 0, 0, 0, 0, 0, 0, 0, NULL, 3, '159.192.115.99', 'Mozilla/5.0 (Macintosh; Intel Mac OS X 10_15_7) AppleWebKit/605.1.15 (KHTML, like Gecko) CriOS/138 Version/11.1.1 Safari/605.1.15', '2025-07-28 08:14:33'),
(4, 72, 'add', '2025-07-28', 0, 0, 0, 0, 0, 0, 0, 0, 0, 0, 0, 0, 0, 0, 0, 200, 0, 0, 0, 0, 0, 0, 0, 0, 0, 0, 0, 0, 0, 0, 200, 0, 0, 0, 0, 0, 0, 0, 0, 0, 0, 0, 0, 0, 0, NULL, 4, '101.108.211.110', 'Mozilla/5.0 (Windows NT 10.0; Win64; x64) AppleWebKit/537.36 (KHTML, like Gecko) Chrome/138.0.0.0 Safari/537.36 Edg/138.0.0.0', '2025-07-28 08:28:13'),
(5, 73, 'add', '2025-07-28', 0, 0, 0, 0, 0, 0, 0, 0, 0, 0, 0, 0, 0, 0, 0, 390, 0, 0, 0, 0, 0, 0, 0, 0, 0, 0, 0, 0, 0, 0, 390, 0, 0, 0, 0, 0, 0, 0, 0, 0, 0, 0, 0, 0, 0, NULL, 4, '101.108.211.110', 'Mozilla/5.0 (Windows NT 10.0; Win64; x64) AppleWebKit/537.36 (KHTML, like Gecko) Chrome/138.0.0.0 Safari/537.36 Edg/138.0.0.0', '2025-07-28 08:30:18'),
(6, 74, 'add', '2025-07-28', 0, 0, 0, 0, 0, 0, 0, 0, 0, 0, 0, 0, 0, 0, 0, 170, 0, 0, 0, 0, 0, 0, 0, 0, 0, 0, 0, 0, 0, 0, 170, 0, 0, 0, 0, 0, 0, 0, 0, 0, 0, 0, 0, 0, 0, NULL, 4, '101.108.211.110', 'Mozilla/5.0 (Windows NT 10.0; Win64; x64) AppleWebKit/537.36 (KHTML, like Gecko) Chrome/138.0.0.0 Safari/537.36 Edg/138.0.0.0', '2025-07-28 08:34:27'),
(7, 76, 'add', '2025-07-28', 0, 0, 0, 0, 0, 0, 0, 0, 0, 0, 0, 0, 0, 0, 0, 90, 0, 0, 0, 0, 0, 0, 0, 0, 0, 0, 0, 0, 0, 0, 90, 0, 0, 0, 0, 0, 0, 0, 0, 0, 0, 0, 0, 0, 0, NULL, 4, '101.108.211.110', 'Mozilla/5.0 (Windows NT 10.0; Win64; x64) AppleWebKit/537.36 (KHTML, like Gecko) Chrome/138.0.0.0 Safari/537.36 Edg/138.0.0.0', '2025-07-28 08:36:13'),
(8, 77, 'add', '2025-07-28', 0, 0, 0, 0, 0, 0, 0, 0, 0, 0, 0, 0, 0, 0, 0, 68, 0, 0, 0, 0, 0, 0, 0, 0, 0, 0, 0, 0, 0, 0, 68, 0, 0, 0, 0, 0, 0, 0, 0, 0, 0, 0, 0, 0, 0, NULL, 4, '101.108.211.110', 'Mozilla/5.0 (Windows NT 10.0; Win64; x64) AppleWebKit/537.36 (KHTML, like Gecko) Chrome/138.0.0.0 Safari/537.36 Edg/138.0.0.0', '2025-07-28 08:37:27'),
(9, 78, 'add', '2025-07-28', 0, 0, 0, 0, 0, 0, 0, 0, 0, 0, 0, 0, 0, 0, 0, 350, 0, 0, 0, 0, 0, 0, 0, 0, 0, 0, 0, 0, 0, 0, 350, 0, 0, 0, 0, 0, 0, 0, 0, 0, 0, 0, 0, 0, 0, NULL, 4, '101.108.211.110', 'Mozilla/5.0 (Windows NT 10.0; Win64; x64) AppleWebKit/537.36 (KHTML, like Gecko) Chrome/138.0.0.0 Safari/537.36 Edg/138.0.0.0', '2025-07-28 08:41:26'),
(10, 79, 'add', '2025-07-28', 0, 0, 0, 0, 0, 0, 0, 0, 0, 0, 0, 0, 0, 0, 0, 264, 0, 0, 0, 0, 0, 0, 0, 0, 0, 0, 0, 0, 0, 0, 264, 0, 0, 0, 0, 0, 0, 0, 0, 0, 0, 0, 0, 0, 0, NULL, 4, '101.108.211.110', 'Mozilla/5.0 (Windows NT 10.0; Win64; x64) AppleWebKit/537.36 (KHTML, like Gecko) Chrome/138.0.0.0 Safari/537.36 Edg/138.0.0.0', '2025-07-28 08:42:41'),
(11, 80, 'add', '2025-07-28', 0, 0, 0, 0, 0, 0, 0, 0, 0, 0, 0, 0, 0, 0, 0, 310, 0, 0, 0, 0, 0, 0, 0, 0, 0, 0, 0, 0, 0, 0, 310, 0, 0, 0, 0, 0, 0, 0, 0, 0, 0, 0, 0, 0, 0, NULL, 4, '101.108.211.110', 'Mozilla/5.0 (Windows NT 10.0; Win64; x64) AppleWebKit/537.36 (KHTML, like Gecko) Chrome/138.0.0.0 Safari/537.36 Edg/138.0.0.0', '2025-07-28 08:43:48'),
(12, 81, 'add', '2025-07-28', 0, 0, 0, 0, 0, 0, 0, 0, 0, 0, 0, 0, 0, 0, 0, 136, 0, 0, 0, 0, 0, 0, 0, 0, 0, 0, 0, 0, 0, 0, 136, 0, 0, 0, 0, 0, 0, 0, 0, 0, 0, 0, 0, 0, 0, NULL, 4, '101.108.211.110', 'Mozilla/5.0 (Windows NT 10.0; Win64; x64) AppleWebKit/537.36 (KHTML, like Gecko) Chrome/138.0.0.0 Safari/537.36 Edg/138.0.0.0', '2025-07-28 08:45:02'),
(13, 82, 'add', '2025-07-28', 0, 0, 0, 0, 0, 0, 0, 0, 0, 0, 0, 0, 0, 0, 0, 95, 0, 0, 0, 0, 0, 0, 0, 0, 0, 0, 0, 0, 0, 0, 95, 0, 0, 0, 0, 0, 0, 0, 0, 0, 0, 0, 0, 0, 0, NULL, 4, '101.108.211.110', 'Mozilla/5.0 (Windows NT 10.0; Win64; x64) AppleWebKit/537.36 (KHTML, like Gecko) Chrome/138.0.0.0 Safari/537.36 Edg/138.0.0.0', '2025-07-28 08:45:48'),
(14, 83, 'add', '2025-07-28', 0, 0, 0, 0, 0, 0, 0, 0, 0, 0, 0, 0, 0, 0, 0, 201, 0, 0, 0, 0, 0, 0, 0, 0, 0, 0, 0, 0, 0, 0, 201, 0, 0, 0, 0, 0, 0, 0, 0, 0, 0, 0, 0, 0, 0, NULL, 4, '101.108.211.110', 'Mozilla/5.0 (Windows NT 10.0; Win64; x64) AppleWebKit/537.36 (KHTML, like Gecko) Chrome/138.0.0.0 Safari/537.36 Edg/138.0.0.0', '2025-07-28 08:46:43'),
(16, 91, 'add', '2025-07-28', 0, 0, 0, 0, 0, 0, 0, 0, 0, 0, 0, 0, 0, 0, 0, 138, 0, 0, 0, 0, 0, 0, 0, 0, 0, 0, 0, 0, 0, 0, 138, 0, 0, 0, 0, 0, 0, 0, 0, 0, 0, 0, 0, 0, 0, NULL, 4, '101.108.211.110', 'Mozilla/5.0 (Windows NT 10.0; Win64; x64) AppleWebKit/537.36 (KHTML, like Gecko) Chrome/138.0.0.0 Safari/537.36 Edg/138.0.0.0', '2025-07-28 08:55:55'),
(17, 93, 'add', '2025-07-28', 0, 0, 0, 0, 0, 0, 0, 0, 0, 0, 0, 0, 0, 0, 0, 350, 0, 0, 0, 0, 0, 0, 0, 0, 0, 0, 0, 0, 0, 0, 350, 0, 0, 0, 0, 0, 0, 0, 0, 0, 0, 0, 0, 0, 0, NULL, 4, '101.108.211.110', 'Mozilla/5.0 (Windows NT 10.0; Win64; x64) AppleWebKit/537.36 (KHTML, like Gecko) Chrome/138.0.0.0 Safari/537.36 Edg/138.0.0.0', '2025-07-28 08:56:46'),
(18, 94, 'add', '2025-07-28', 0, 0, 0, 0, 0, 0, 0, 0, 0, 0, 0, 0, 0, 0, 0, 2106, 0, 0, 0, 0, 0, 0, 0, 0, 0, 0, 0, 0, 0, 0, 2106, 0, 0, 0, 0, 0, 0, 0, 0, 0, 0, 0, 0, 0, 0, NULL, 4, '101.108.211.110', 'Mozilla/5.0 (Windows NT 10.0; Win64; x64) AppleWebKit/537.36 (KHTML, like Gecko) Chrome/138.0.0.0 Safari/537.36 Edg/138.0.0.0', '2025-07-28 08:58:49'),
(19, 95, 'add', '2025-07-28', 0, 0, 0, 0, 0, 0, 0, 0, 0, 0, 0, 0, 0, 0, 0, 210, 0, 0, 0, 0, 0, 0, 0, 0, 0, 0, 0, 0, 0, 0, 210, 0, 0, 0, 0, 0, 0, 0, 0, 0, 0, 0, 0, 0, 0, NULL, 4, '101.108.211.110', 'Mozilla/5.0 (Windows NT 10.0; Win64; x64) AppleWebKit/537.36 (KHTML, like Gecko) Chrome/138.0.0.0 Safari/537.36 Edg/138.0.0.0', '2025-07-28 08:59:29'),
(20, 97, 'add', '2025-07-28', 0, 0, 0, 0, 0, 0, 0, 0, 0, 0, 0, 0, 0, 0, 0, 38, 0, 0, 0, 0, 0, 0, 0, 0, 0, 0, 0, 0, 0, 0, 38, 0, 0, 0, 0, 0, 0, 0, 0, 0, 0, 0, 0, 0, 0, NULL, 4, '101.108.211.110', 'Mozilla/5.0 (Windows NT 10.0; Win64; x64) AppleWebKit/537.36 (KHTML, like Gecko) Chrome/138.0.0.0 Safari/537.36 Edg/138.0.0.0', '2025-07-28 09:00:56'),
(21, 98, 'add', '2025-07-28', 0, 0, 0, 0, 0, 0, 0, 0, 0, 0, 0, 0, 0, 0, 0, 20, 0, 0, 0, 0, 0, 0, 0, 0, 0, 0, 0, 0, 0, 0, 20, 0, 0, 0, 0, 0, 0, 0, 0, 0, 0, 0, 0, 0, 0, NULL, 4, '101.108.211.110', 'Mozilla/5.0 (Windows NT 10.0; Win64; x64) AppleWebKit/537.36 (KHTML, like Gecko) Chrome/138.0.0.0 Safari/537.36 Edg/138.0.0.0', '2025-07-28 09:01:32'),
(22, 99, 'add', '2025-07-28', 0, 0, 0, 0, 0, 0, 0, 0, 0, 0, 0, 0, 0, 0, 0, 165, 0, 0, 0, 0, 0, 0, 0, 0, 0, 0, 0, 0, 0, 0, 165, 0, 0, 0, 0, 0, 0, 0, 0, 0, 0, 0, 0, 0, 0, NULL, 4, '101.108.211.110', 'Mozilla/5.0 (Windows NT 10.0; Win64; x64) AppleWebKit/537.36 (KHTML, like Gecko) Chrome/138.0.0.0 Safari/537.36 Edg/138.0.0.0', '2025-07-28 09:02:16'),
(23, 100, 'add', '2025-07-28', 0, 0, 0, 0, 0, 0, 0, 0, 0, 0, 0, 0, 0, 0, 0, 61, 0, 0, 0, 0, 0, 0, 0, 0, 0, 0, 0, 0, 0, 0, 61, 0, 0, 0, 0, 0, 0, 0, 0, 0, 0, 0, 0, 0, 0, NULL, 4, '101.108.211.110', 'Mozilla/5.0 (Windows NT 10.0; Win64; x64) AppleWebKit/537.36 (KHTML, like Gecko) Chrome/138.0.0.0 Safari/537.36 Edg/138.0.0.0', '2025-07-28 09:03:00'),
(24, 101, 'add', '2025-07-28', 0, 0, 0, 0, 0, 0, 0, 0, 0, 0, 0, 0, 0, 0, 0, 63, 0, 0, 0, 0, 0, 0, 0, 0, 0, 0, 0, 0, 0, 0, 63, 0, 0, 0, 0, 0, 0, 0, 0, 0, 0, 0, 0, 0, 0, NULL, 4, '101.108.211.110', 'Mozilla/5.0 (Windows NT 10.0; Win64; x64) AppleWebKit/537.36 (KHTML, like Gecko) Chrome/138.0.0.0 Safari/537.36 Edg/138.0.0.0', '2025-07-28 09:03:31'),
(25, 102, 'add', '2025-07-28', 0, 0, 0, 0, 0, 0, 0, 0, 0, 0, 0, 0, 0, 0, 0, 65, 0, 0, 0, 0, 0, 0, 0, 0, 0, 0, 0, 0, 0, 0, 65, 0, 0, 0, 0, 0, 0, 0, 0, 0, 0, 0, 0, 0, 0, NULL, 4, '101.108.211.110', 'Mozilla/5.0 (Windows NT 10.0; Win64; x64) AppleWebKit/537.36 (KHTML, like Gecko) Chrome/138.0.0.0 Safari/537.36 Edg/138.0.0.0', '2025-07-28 09:04:03'),
(26, 103, 'add', '2025-07-28', 0, 0, 0, 0, 0, 0, 0, 0, 0, 0, 0, 0, 0, 0, 0, 250, 0, 0, 0, 0, 0, 0, 0, 0, 0, 0, 0, 0, 0, 0, 250, 0, 0, 0, 0, 0, 0, 0, 0, 0, 0, 0, 0, 0, 0, NULL, 4, '101.108.211.110', 'Mozilla/5.0 (Windows NT 10.0; Win64; x64) AppleWebKit/537.36 (KHTML, like Gecko) Chrome/138.0.0.0 Safari/537.36 Edg/138.0.0.0', '2025-07-28 09:04:34'),
(27, 104, 'add', '2025-07-28', 0, 0, 0, 0, 0, 0, 0, 0, 0, 0, 0, 0, 0, 0, 0, 65, 0, 0, 0, 0, 0, 0, 0, 0, 0, 0, 0, 0, 0, 0, 65, 0, 0, 0, 0, 0, 0, 0, 0, 0, 0, 0, 0, 0, 0, NULL, 4, '101.108.211.110', 'Mozilla/5.0 (Windows NT 10.0; Win64; x64) AppleWebKit/537.36 (KHTML, like Gecko) Chrome/138.0.0.0 Safari/537.36 Edg/138.0.0.0', '2025-07-28 09:04:59'),
(28, 105, 'add', '2025-07-28', 0, 0, 0, 0, 0, 0, 0, 0, 0, 0, 0, 0, 0, 0, 0, 468, 0, 0, 0, 0, 0, 0, 0, 0, 0, 0, 0, 0, 0, 0, 468, 0, 0, 0, 0, 0, 0, 0, 0, 0, 0, 0, 0, 0, 0, NULL, 4, '101.108.211.110', 'Mozilla/5.0 (Windows NT 10.0; Win64; x64) AppleWebKit/537.36 (KHTML, like Gecko) Chrome/138.0.0.0 Safari/537.36 Edg/138.0.0.0', '2025-07-28 09:05:45'),
(29, 106, 'add', '2025-07-28', 0, 0, 0, 0, 0, 0, 0, 0, 0, 0, 0, 0, 0, 0, 0, 225, 0, 0, 0, 0, 0, 0, 0, 0, 0, 0, 0, 0, 0, 0, 225, 0, 0, 0, 0, 0, 0, 0, 0, 0, 0, 0, 0, 0, 0, NULL, 4, '101.108.211.110', 'Mozilla/5.0 (Windows NT 10.0; Win64; x64) AppleWebKit/537.36 (KHTML, like Gecko) Chrome/138.0.0.0 Safari/537.36 Edg/138.0.0.0', '2025-07-28 09:06:57'),
(30, 107, 'add', '2025-07-28', 0, 0, 0, 0, 0, 0, 0, 0, 0, 0, 0, 0, 0, 0, 0, 5, 0, 0, 0, 0, 0, 0, 0, 0, 0, 0, 0, 0, 0, 0, 5, 0, 0, 0, 0, 0, 0, 0, 0, 0, 0, 0, 0, 0, 0, NULL, 4, '101.108.211.110', 'Mozilla/5.0 (Windows NT 10.0; Win64; x64) AppleWebKit/537.36 (KHTML, like Gecko) Chrome/138.0.0.0 Safari/537.36 Edg/138.0.0.0', '2025-07-28 09:07:33'),
(31, 108, 'add', '2025-07-28', 0, 0, 0, 0, 0, 0, 0, 0, 0, 0, 0, 0, 0, 0, 0, 39, 0, 0, 0, 0, 0, 0, 0, 0, 0, 0, 0, 0, 0, 0, 39, 0, 0, 0, 0, 0, 0, 0, 0, 0, 0, 0, 0, 0, 0, NULL, 4, '101.108.211.110', 'Mozilla/5.0 (Windows NT 10.0; Win64; x64) AppleWebKit/537.36 (KHTML, like Gecko) Chrome/138.0.0.0 Safari/537.36 Edg/138.0.0.0', '2025-07-28 09:08:02'),
(32, 109, 'add', '2025-07-28', 0, 0, 0, 0, 0, 0, 0, 0, 0, 0, 0, 0, 0, 0, 0, 99, 0, 0, 0, 0, 0, 0, 0, 0, 0, 0, 0, 0, 0, 0, 99, 0, 0, 0, 0, 0, 0, 0, 0, 0, 0, 0, 0, 0, 0, NULL, 4, '101.108.211.110', 'Mozilla/5.0 (Windows NT 10.0; Win64; x64) AppleWebKit/537.36 (KHTML, like Gecko) Chrome/138.0.0.0 Safari/537.36 Edg/138.0.0.0', '2025-07-28 09:08:56'),
(33, 110, 'add', '2025-07-28', 0, 0, 0, 0, 0, 0, 0, 0, 0, 0, 0, 0, 0, 0, 0, 11, 0, 0, 0, 0, 0, 0, 0, 0, 0, 0, 0, 0, 0, 0, 11, 0, 0, 0, 0, 0, 0, 0, 0, 0, 0, 0, 0, 0, 0, NULL, 4, '101.108.211.110', 'Mozilla/5.0 (Windows NT 10.0; Win64; x64) AppleWebKit/537.36 (KHTML, like Gecko) Chrome/138.0.0.0 Safari/537.36 Edg/138.0.0.0', '2025-07-28 09:12:58'),
(34, 111, 'add', '2025-07-28', 0, 0, 0, 0, 0, 0, 0, 0, 0, 0, 0, 0, 0, 0, 0, 66, 0, 0, 0, 0, 0, 0, 0, 0, 0, 0, 0, 0, 0, 0, 66, 0, 0, 0, 0, 0, 0, 0, 0, 0, 0, 0, 0, 0, 0, NULL, 4, '101.108.211.110', 'Mozilla/5.0 (Windows NT 10.0; Win64; x64) AppleWebKit/537.36 (KHTML, like Gecko) Chrome/138.0.0.0 Safari/537.36 Edg/138.0.0.0', '2025-07-28 09:13:33'),
(35, 112, 'add', '2025-07-28', 0, 0, 0, 0, 0, 0, 0, 0, 0, 0, 0, 0, 0, 0, 0, 82, 0, 0, 0, 0, 0, 0, 0, 0, 0, 0, 0, 0, 0, 0, 82, 0, 0, 0, 0, 0, 0, 0, 0, 0, 0, 0, 0, 0, 0, NULL, 4, '101.108.211.110', 'Mozilla/5.0 (Windows NT 10.0; Win64; x64) AppleWebKit/537.36 (KHTML, like Gecko) Chrome/138.0.0.0 Safari/537.36 Edg/138.0.0.0', '2025-07-28 09:14:04'),
(36, 113, 'add', '2025-07-28', 0, 0, 0, 0, 0, 0, 0, 0, 0, 0, 0, 0, 0, 0, 0, 142, 0, 0, 0, 0, 0, 0, 0, 0, 0, 0, 0, 0, 0, 0, 142, 0, 0, 0, 0, 0, 0, 0, 0, 0, 0, 0, 0, 0, 0, NULL, 4, '101.108.211.110', 'Mozilla/5.0 (Windows NT 10.0; Win64; x64) AppleWebKit/537.36 (KHTML, like Gecko) Chrome/138.0.0.0 Safari/537.36 Edg/138.0.0.0', '2025-07-28 09:14:32'),
(37, 114, 'add', '2025-07-28', 0, 0, 0, 0, 0, 0, 0, 0, 0, 0, 0, 0, 0, 0, 0, 157, 0, 0, 0, 0, 0, 0, 0, 0, 0, 0, 0, 0, 0, 0, 157, 0, 0, 0, 0, 0, 0, 0, 0, 0, 0, 0, 0, 0, 0, NULL, 4, '101.108.211.110', 'Mozilla/5.0 (Windows NT 10.0; Win64; x64) AppleWebKit/537.36 (KHTML, like Gecko) Chrome/138.0.0.0 Safari/537.36 Edg/138.0.0.0', '2025-07-28 09:15:01'),
(38, 115, 'add', '2025-07-28', 0, 0, 0, 0, 0, 0, 0, 0, 0, 0, 0, 0, 0, 0, 0, 50, 0, 0, 0, 0, 0, 0, 0, 0, 0, 0, 0, 0, 0, 0, 50, 0, 0, 0, 0, 0, 0, 0, 0, 0, 0, 0, 0, 0, 0, NULL, 4, '101.108.211.110', 'Mozilla/5.0 (Windows NT 10.0; Win64; x64) AppleWebKit/537.36 (KHTML, like Gecko) Chrome/138.0.0.0 Safari/537.36 Edg/138.0.0.0', '2025-07-28 09:15:30'),
(40, 117, 'add', '2025-07-28', 0, 0, 0, 0, 0, 0, 0, 0, 0, 0, 0, 0, 0, 0, 0, 160, 0, 0, 0, 0, 0, 0, 0, 0, 0, 0, 0, 0, 0, 0, 160, 0, 0, 0, 0, 0, 0, 0, 0, 0, 0, 0, 0, 0, 0, NULL, 4, '101.108.211.110', 'Mozilla/5.0 (Windows NT 10.0; Win64; x64) AppleWebKit/537.36 (KHTML, like Gecko) Chrome/138.0.0.0 Safari/537.36 Edg/138.0.0.0', '2025-07-28 09:18:16'),
(41, 118, 'add', '2025-07-28', 0, 0, 0, 0, 0, 0, 0, 0, 0, 0, 0, 0, 0, 0, 0, 118, 0, 0, 0, 0, 0, 0, 0, 0, 0, 0, 0, 0, 0, 0, 118, 0, 0, 0, 0, 0, 0, 0, 0, 0, 0, 0, 0, 0, 0, NULL, 4, '101.108.211.110', 'Mozilla/5.0 (Windows NT 10.0; Win64; x64) AppleWebKit/537.36 (KHTML, like Gecko) Chrome/138.0.0.0 Safari/537.36 Edg/138.0.0.0', '2025-07-28 09:18:48'),
(42, 119, 'add', '2025-07-28', 0, 0, 0, 0, 0, 0, 0, 0, 0, 0, 0, 0, 0, 0, 0, 936, 0, 0, 0, 0, 0, 0, 0, 0, 0, 0, 0, 0, 0, 0, 936, 0, 0, 0, 0, 0, 0, 0, 0, 0, 0, 0, 0, 0, 0, NULL, 4, '101.108.211.110', 'Mozilla/5.0 (Windows NT 10.0; Win64; x64) AppleWebKit/537.36 (KHTML, like Gecko) Chrome/138.0.0.0 Safari/537.36 Edg/138.0.0.0', '2025-07-28 09:19:36'),
(43, 120, 'add', '2025-07-28', 0, 0, 0, 0, 0, 0, 0, 0, 0, 0, 0, 0, 0, 0, 0, 104, 0, 0, 0, 0, 0, 0, 0, 0, 0, 0, 0, 0, 0, 0, 104, 0, 0, 0, 0, 0, 0, 0, 0, 0, 0, 0, 0, 0, 0, NULL, 4, '101.108.211.110', 'Mozilla/5.0 (Windows NT 10.0; Win64; x64) AppleWebKit/537.36 (KHTML, like Gecko) Chrome/138.0.0.0 Safari/537.36 Edg/138.0.0.0', '2025-07-28 09:19:58'),
(44, 121, 'add', '2025-07-28', 0, 0, 0, 0, 0, 0, 0, 0, 0, 0, 0, 0, 0, 0, 0, 349, 0, 0, 0, 0, 0, 0, 0, 0, 0, 0, 0, 0, 0, 0, 349, 0, 0, 0, 0, 0, 0, 0, 0, 0, 0, 0, 0, 0, 0, NULL, 4, '101.108.211.110', 'Mozilla/5.0 (Windows NT 10.0; Win64; x64) AppleWebKit/537.36 (KHTML, like Gecko) Chrome/138.0.0.0 Safari/537.36 Edg/138.0.0.0', '2025-07-28 09:20:30'),
(45, 122, 'add', '2025-07-28', 0, 0, 0, 0, 0, 0, 0, 0, 0, 0, 0, 0, 0, 0, 0, 236, 0, 0, 0, 0, 0, 0, 0, 0, 0, 0, 0, 0, 0, 0, 236, 0, 0, 0, 0, 0, 0, 0, 0, 0, 0, 0, 0, 0, 0, NULL, 4, '101.108.211.110', 'Mozilla/5.0 (Windows NT 10.0; Win64; x64) AppleWebKit/537.36 (KHTML, like Gecko) Chrome/138.0.0.0 Safari/537.36 Edg/138.0.0.0', '2025-07-28 09:21:49'),
(46, 123, 'add', '2025-07-28', 0, 0, 0, 0, 0, 0, 0, 0, 0, 0, 0, 0, 0, 0, 0, 142, 0, 0, 0, 0, 0, 0, 0, 0, 0, 0, 0, 0, 0, 0, 142, 0, 0, 0, 0, 0, 0, 0, 0, 0, 0, 0, 0, 0, 0, NULL, 4, '101.108.211.110', 'Mozilla/5.0 (Windows NT 10.0; Win64; x64) AppleWebKit/537.36 (KHTML, like Gecko) Chrome/138.0.0.0 Safari/537.36 Edg/138.0.0.0', '2025-07-28 09:22:33'),
(47, 124, 'add', '2025-07-28', 0, 0, 0, 0, 0, 0, 0, 0, 0, 0, 0, 0, 0, 0, 0, 346, 0, 0, 0, 0, 0, 0, 0, 0, 0, 0, 0, 0, 0, 0, 346, 0, 0, 0, 0, 0, 0, 0, 0, 0, 0, 0, 0, 0, 0, NULL, 4, '101.108.211.110', 'Mozilla/5.0 (Windows NT 10.0; Win64; x64) AppleWebKit/537.36 (KHTML, like Gecko) Chrome/138.0.0.0 Safari/537.36 Edg/138.0.0.0', '2025-07-28 09:23:06'),
(48, 125, 'add', '2025-07-28', 0, 0, 0, 0, 0, 0, 0, 0, 0, 0, 0, 0, 0, 0, 0, 143, 0, 0, 0, 0, 0, 0, 0, 0, 0, 0, 0, 0, 0, 0, 143, 0, 0, 0, 0, 0, 0, 0, 0, 0, 0, 0, 0, 0, 0, NULL, 4, '101.108.211.110', 'Mozilla/5.0 (Windows NT 10.0; Win64; x64) AppleWebKit/537.36 (KHTML, like Gecko) Chrome/138.0.0.0 Safari/537.36 Edg/138.0.0.0', '2025-07-28 09:23:34'),
(49, 127, 'add', '2025-07-28', 0, 0, 0, 0, 0, 0, 0, 0, 0, 0, 0, 0, 0, 0, 0, 71, 0, 0, 0, 0, 0, 0, 0, 0, 0, 0, 0, 0, 0, 0, 71, 0, 0, 0, 0, 0, 0, 0, 0, 0, 0, 0, 0, 0, 0, NULL, 4, '101.108.211.110', 'Mozilla/5.0 (Windows NT 10.0; Win64; x64) AppleWebKit/537.36 (KHTML, like Gecko) Chrome/138.0.0.0 Safari/537.36 Edg/138.0.0.0', '2025-07-28 09:23:59'),
(50, 128, 'add', '2025-07-28', 0, 0, 0, 0, 0, 0, 0, 0, 0, 0, 0, 0, 0, 0, 0, 10, 0, 0, 0, 0, 0, 0, 0, 0, 0, 0, 0, 0, 0, 0, 10, 0, 0, 0, 0, 0, 0, 0, 0, 0, 0, 0, 0, 0, 0, NULL, 4, '101.108.211.110', 'Mozilla/5.0 (Windows NT 10.0; Win64; x64) AppleWebKit/537.36 (KHTML, like Gecko) Chrome/138.0.0.0 Safari/537.36 Edg/138.0.0.0', '2025-07-28 09:24:22'),
(51, 129, 'add', '2025-07-28', 0, 0, 0, 0, 0, 0, 0, 0, 0, 0, 0, 0, 0, 0, 0, 7, 0, 0, 0, 0, 0, 0, 0, 0, 0, 0, 0, 0, 0, 0, 7, 0, 0, 0, 0, 0, 0, 0, 0, 0, 0, 0, 0, 0, 0, NULL, 4, '101.108.211.110', 'Mozilla/5.0 (Windows NT 10.0; Win64; x64) AppleWebKit/537.36 (KHTML, like Gecko) Chrome/138.0.0.0 Safari/537.36 Edg/138.0.0.0', '2025-07-28 09:24:41'),
(52, 130, 'add', '2025-07-28', 0, 0, 0, 0, 0, 0, 0, 0, 0, 0, 0, 0, 0, 0, 0, 35, 0, 0, 0, 0, 0, 0, 0, 0, 0, 0, 0, 0, 0, 0, 35, 0, 0, 0, 0, 0, 0, 0, 0, 0, 0, 0, 0, 0, 0, NULL, 4, '101.108.211.110', 'Mozilla/5.0 (Windows NT 10.0; Win64; x64) AppleWebKit/537.36 (KHTML, like Gecko) Chrome/138.0.0.0 Safari/537.36 Edg/138.0.0.0', '2025-07-28 09:25:04'),
(53, 131, 'add', '2025-07-28', 0, 0, 0, 0, 0, 0, 0, 0, 0, 0, 0, 0, 0, 0, 0, 24, 0, 0, 0, 0, 0, 0, 0, 0, 0, 0, 0, 0, 0, 0, 24, 0, 0, 0, 0, 0, 0, 0, 0, 0, 0, 0, 0, 0, 0, NULL, 4, '101.108.211.110', 'Mozilla/5.0 (Windows NT 10.0; Win64; x64) AppleWebKit/537.36 (KHTML, like Gecko) Chrome/138.0.0.0 Safari/537.36 Edg/138.0.0.0', '2025-07-28 09:25:41'),
(54, 132, 'add', '2025-07-28', 0, 0, 0, 0, 0, 0, 0, 0, 0, 0, 0, 0, 0, 0, 0, 73, 0, 0, 0, 0, 0, 0, 0, 0, 0, 0, 0, 0, 0, 0, 73, 0, 0, 0, 0, 0, 0, 0, 0, 0, 0, 0, 0, 0, 0, NULL, 4, '101.108.211.110', 'Mozilla/5.0 (Windows NT 10.0; Win64; x64) AppleWebKit/537.36 (KHTML, like Gecko) Chrome/138.0.0.0 Safari/537.36 Edg/138.0.0.0', '2025-07-28 09:26:38'),
(55, 134, 'add', '2025-07-28', 0, 0, 0, 0, 0, 0, 0, 0, 0, 0, 0, 0, 0, 0, 0, 190, 0, 0, 0, 0, 0, 0, 0, 0, 0, 0, 0, 0, 0, 0, 190, 0, 0, 0, 0, 0, 0, 0, 0, 0, 0, 0, 0, 0, 0, NULL, 4, '101.108.211.110', 'Mozilla/5.0 (Windows NT 10.0; Win64; x64) AppleWebKit/537.36 (KHTML, like Gecko) Chrome/138.0.0.0 Safari/537.36 Edg/138.0.0.0', '2025-07-28 09:27:03'),
(56, 135, 'add', '2025-07-28', 0, 0, 0, 0, 0, 0, 0, 0, 0, 0, 0, 0, 0, 0, 0, 70, 0, 0, 0, 0, 0, 0, 0, 0, 0, 0, 0, 0, 0, 0, 70, 0, 0, 0, 0, 0, 0, 0, 0, 0, 0, 0, 0, 0, 0, NULL, 4, '101.108.211.110', 'Mozilla/5.0 (Windows NT 10.0; Win64; x64) AppleWebKit/537.36 (KHTML, like Gecko) Chrome/138.0.0.0 Safari/537.36 Edg/138.0.0.0', '2025-07-28 09:27:27'),
(57, 136, 'add', '2025-07-28', 0, 0, 0, 0, 0, 0, 0, 0, 0, 0, 0, 0, 0, 0, 0, 87, 0, 0, 0, 0, 0, 0, 0, 0, 0, 0, 0, 0, 0, 0, 87, 0, 0, 0, 0, 0, 0, 0, 0, 0, 0, 0, 0, 0, 0, NULL, 4, '101.108.211.110', 'Mozilla/5.0 (Windows NT 10.0; Win64; x64) AppleWebKit/537.36 (KHTML, like Gecko) Chrome/138.0.0.0 Safari/537.36 Edg/138.0.0.0', '2025-07-28 09:28:02'),
(58, 133, 'add', '2025-07-28', 0, 0, 0, 0, 0, 0, 0, 0, 0, 0, 0, 0, 0, 0, 0, 20, 0, 0, 0, 0, 0, 0, 0, 0, 0, 0, 0, 0, 0, 0, 20, 0, 0, 0, 0, 0, 0, 0, 0, 0, 0, 0, 0, 0, 0, NULL, 4, '159.192.115.99', 'Mozilla/5.0 (Windows NT 10.0; Win64; x64) AppleWebKit/537.36 (KHTML, like Gecko) Chrome/138.0.0.0 Safari/537.36 Edg/138.0.0.0', '2025-07-28 09:28:03'),
(60, 138, 'add', '2025-07-28', 0, 0, 0, 0, 0, 0, 0, 0, 0, 0, 0, 0, 0, 0, 0, 46, 0, 0, 0, 0, 0, 0, 0, 0, 0, 0, 0, 0, 0, 0, 46, 0, 0, 0, 0, 0, 0, 0, 0, 0, 0, 0, 0, 0, 0, NULL, 4, '101.108.211.110', 'Mozilla/5.0 (Windows NT 10.0; Win64; x64) AppleWebKit/537.36 (KHTML, like Gecko) Chrome/138.0.0.0 Safari/537.36 Edg/138.0.0.0', '2025-07-28 09:28:57'),
(61, 139, 'add', '2025-07-28', 0, 0, 0, 0, 0, 0, 0, 0, 0, 0, 0, 0, 0, 0, 0, 120, 0, 0, 0, 0, 0, 0, 0, 0, 0, 0, 0, 0, 0, 0, 120, 0, 0, 0, 0, 0, 0, 0, 0, 0, 0, 0, 0, 0, 0, NULL, 4, '101.108.211.110', 'Mozilla/5.0 (Windows NT 10.0; Win64; x64) AppleWebKit/537.36 (KHTML, like Gecko) Chrome/138.0.0.0 Safari/537.36 Edg/138.0.0.0', '2025-07-28 09:29:18'),
(62, 140, 'add', '2025-07-28', 0, 0, 0, 0, 0, 0, 0, 0, 0, 0, 0, 0, 0, 0, 0, 90, 0, 0, 0, 0, 0, 0, 0, 0, 0, 0, 0, 0, 0, 0, 90, 0, 0, 0, 0, 0, 0, 0, 0, 0, 0, 0, 0, 0, 0, NULL, 4, '159.192.115.99', 'Mozilla/5.0 (Windows NT 10.0; Win64; x64) AppleWebKit/537.36 (KHTML, like Gecko) Chrome/138.0.0.0 Safari/537.36 Edg/138.0.0.0', '2025-07-28 09:29:42'),
(63, 141, 'add', '2025-07-28', 0, 0, 0, 0, 0, 0, 0, 0, 0, 0, 0, 0, 0, 0, 0, 53, 0, 0, 0, 0, 0, 0, 0, 0, 0, 0, 0, 0, 0, 0, 53, 0, 0, 0, 0, 0, 0, 0, 0, 0, 0, 0, 0, 0, 0, NULL, 4, '101.108.211.110', 'Mozilla/5.0 (Windows NT 10.0; Win64; x64) AppleWebKit/537.36 (KHTML, like Gecko) Chrome/138.0.0.0 Safari/537.36 Edg/138.0.0.0', '2025-07-28 09:30:03'),
(64, 142, 'add', '2025-07-28', 0, 0, 0, 0, 0, 0, 0, 0, 0, 0, 0, 0, 0, 0, 0, 73, 0, 0, 0, 0, 0, 0, 0, 0, 0, 0, 0, 0, 0, 0, 73, 0, 0, 0, 0, 0, 0, 0, 0, 0, 0, 0, 0, 0, 0, NULL, 4, '101.108.211.110', 'Mozilla/5.0 (Windows NT 10.0; Win64; x64) AppleWebKit/537.36 (KHTML, like Gecko) Chrome/138.0.0.0 Safari/537.36 Edg/138.0.0.0', '2025-07-28 09:30:31'),
(65, 143, 'add', '2025-07-28', 0, 0, 0, 0, 0, 0, 0, 0, 0, 0, 0, 0, 0, 0, 0, 116, 0, 0, 0, 0, 0, 0, 0, 0, 0, 0, 0, 0, 0, 0, 116, 0, 0, 0, 0, 0, 0, 0, 0, 0, 0, 0, 0, 0, 0, NULL, 4, '101.108.211.110', 'Mozilla/5.0 (Windows NT 10.0; Win64; x64) AppleWebKit/537.36 (KHTML, like Gecko) Chrome/138.0.0.0 Safari/537.36 Edg/138.0.0.0', '2025-07-28 09:31:21'),
(66, 144, 'add', '2025-07-28', 0, 0, 0, 0, 0, 0, 0, 0, 0, 0, 0, 0, 0, 0, 0, 147, 0, 0, 0, 0, 0, 0, 0, 0, 0, 0, 0, 0, 0, 0, 147, 0, 0, 0, 0, 0, 0, 0, 0, 0, 0, 0, 0, 0, 0, NULL, 4, '101.108.211.110', 'Mozilla/5.0 (Windows NT 10.0; Win64; x64) AppleWebKit/537.36 (KHTML, like Gecko) Chrome/138.0.0.0 Safari/537.36 Edg/138.0.0.0', '2025-07-28 09:31:46'),
(67, 146, 'add', '2025-07-28', 0, 0, 0, 0, 0, 0, 0, 0, 0, 0, 0, 0, 0, 0, 0, 130, 0, 0, 0, 0, 0, 0, 0, 0, 0, 0, 0, 0, 0, 0, 130, 0, 0, 0, 0, 0, 0, 0, 0, 0, 0, 0, 0, 0, 0, NULL, 4, '101.108.211.110', 'Mozilla/5.0 (Windows NT 10.0; Win64; x64) AppleWebKit/537.36 (KHTML, like Gecko) Chrome/138.0.0.0 Safari/537.36 Edg/138.0.0.0', '2025-07-28 09:32:07'),
(68, 147, 'add', '2025-07-28', 0, 0, 0, 0, 0, 0, 0, 0, 0, 0, 0, 0, 0, 0, 0, 32, 0, 0, 0, 0, 0, 0, 0, 0, 0, 0, 0, 0, 0, 0, 32, 0, 0, 0, 0, 0, 0, 0, 0, 0, 0, 0, 0, 0, 0, NULL, 4, '101.108.211.110', 'Mozilla/5.0 (Windows NT 10.0; Win64; x64) AppleWebKit/537.36 (KHTML, like Gecko) Chrome/138.0.0.0 Safari/537.36 Edg/138.0.0.0', '2025-07-28 09:32:27'),
(69, 148, 'add', '2025-07-28', 0, 0, 0, 0, 0, 0, 0, 0, 0, 0, 0, 0, 0, 0, 0, 70, 0, 0, 0, 0, 0, 0, 0, 0, 0, 0, 0, 0, 0, 0, 70, 0, 0, 0, 0, 0, 0, 0, 0, 0, 0, 0, 0, 0, 0, NULL, 4, '101.108.211.110', 'Mozilla/5.0 (Windows NT 10.0; Win64; x64) AppleWebKit/537.36 (KHTML, like Gecko) Chrome/138.0.0.0 Safari/537.36 Edg/138.0.0.0', '2025-07-28 09:32:56'),
(71, 145, 'add', '2025-07-28', 0, 0, 0, 0, 0, 0, 0, 0, 0, 0, 0, 0, 0, 0, 0, 5200, 0, 0, 0, 0, 0, 0, 0, 0, 0, 0, 0, 0, 0, 0, 5200, 0, 0, 0, 0, 0, 0, 0, 0, 0, 0, 0, 0, 0, 0, NULL, 4, '159.192.115.99', 'Mozilla/5.0 (Windows NT 10.0; Win64; x64) AppleWebKit/537.36 (KHTML, like Gecko) Chrome/138.0.0.0 Safari/537.36 Edg/138.0.0.0', '2025-07-28 09:36:36'),
(72, 150, 'add', '2025-07-28', 0, 0, 0, 0, 0, 0, 0, 0, 0, 0, 0, 0, 0, 0, 0, 66, 0, 0, 0, 0, 0, 0, 0, 0, 0, 0, 0, 0, 0, 0, 66, 0, 0, 0, 0, 0, 0, 0, 0, 0, 0, 0, 0, 0, 0, NULL, 4, '101.108.211.110', 'Mozilla/5.0 (Windows NT 10.0; Win64; x64) AppleWebKit/537.36 (KHTML, like Gecko) Chrome/138.0.0.0 Safari/537.36 Edg/138.0.0.0', '2025-07-28 09:36:57'),
(73, 151, 'add', '2025-07-28', 0, 0, 0, 0, 0, 0, 0, 0, 0, 0, 0, 0, 0, 0, 0, 104, 0, 0, 0, 0, 0, 0, 0, 0, 0, 0, 0, 0, 0, 0, 104, 0, 0, 0, 0, 0, 0, 0, 0, 0, 0, 0, 0, 0, 0, NULL, 4, '101.108.211.110', 'Mozilla/5.0 (Windows NT 10.0; Win64; x64) AppleWebKit/537.36 (KHTML, like Gecko) Chrome/138.0.0.0 Safari/537.36 Edg/138.0.0.0', '2025-07-28 09:37:26'),
(74, 152, 'add', '2025-07-28', 0, 0, 0, 0, 0, 0, 0, 0, 0, 0, 0, 0, 0, 0, 0, 82, 0, 0, 0, 0, 0, 0, 0, 0, 0, 0, 0, 0, 0, 0, 82, 0, 0, 0, 0, 0, 0, 0, 0, 0, 0, 0, 0, 0, 0, NULL, 4, '101.108.211.110', 'Mozilla/5.0 (Windows NT 10.0; Win64; x64) AppleWebKit/537.36 (KHTML, like Gecko) Chrome/138.0.0.0 Safari/537.36 Edg/138.0.0.0', '2025-07-28 09:37:52'),
(75, 154, 'add', '2025-07-28', 0, 0, 0, 0, 0, 0, 0, 0, 0, 0, 0, 0, 0, 0, 0, 30, 0, 0, 0, 0, 0, 0, 0, 0, 0, 0, 0, 0, 0, 0, 30, 0, 0, 0, 0, 0, 0, 0, 0, 0, 0, 0, 0, 0, 0, NULL, 4, '101.108.211.110', 'Mozilla/5.0 (Windows NT 10.0; Win64; x64) AppleWebKit/537.36 (KHTML, like Gecko) Chrome/138.0.0.0 Safari/537.36 Edg/138.0.0.0', '2025-07-28 09:38:19'),
(76, 153, 'add', '2025-07-28', 0, 0, 0, 0, 0, 0, 0, 0, 0, 0, 0, 0, 0, 0, 0, 245, 0, 0, 0, 0, 0, 0, 0, 0, 0, 0, 0, 0, 0, 0, 245, 0, 0, 0, 0, 0, 0, 0, 0, 0, 0, 0, 0, 0, 0, NULL, 4, '159.192.115.99', 'Mozilla/5.0 (Windows NT 10.0; Win64; x64) AppleWebKit/537.36 (KHTML, like Gecko) Chrome/138.0.0.0 Safari/537.36 Edg/138.0.0.0', '2025-07-28 09:38:20'),
(77, 155, 'add', '2025-07-28', 0, 0, 0, 0, 0, 0, 0, 0, 0, 0, 0, 0, 0, 0, 0, 50, 0, 0, 0, 0, 0, 0, 0, 0, 0, 0, 0, 0, 0, 0, 50, 0, 0, 0, 0, 0, 0, 0, 0, 0, 0, 0, 0, 0, 0, NULL, 4, '101.108.211.110', 'Mozilla/5.0 (Windows NT 10.0; Win64; x64) AppleWebKit/537.36 (KHTML, like Gecko) Chrome/138.0.0.0 Safari/537.36 Edg/138.0.0.0', '2025-07-28 09:38:49'),
(78, 156, 'add', '2025-07-28', 0, 0, 0, 0, 0, 0, 0, 0, 0, 0, 0, 0, 0, 0, 0, 4, 0, 0, 0, 0, 0, 0, 0, 0, 0, 0, 0, 0, 0, 0, 4, 0, 0, 0, 0, 0, 0, 0, 0, 0, 0, 0, 0, 0, 0, NULL, 4, '101.108.211.110', 'Mozilla/5.0 (Windows NT 10.0; Win64; x64) AppleWebKit/537.36 (KHTML, like Gecko) Chrome/138.0.0.0 Safari/537.36 Edg/138.0.0.0', '2025-07-28 09:39:09'),
(79, 157, 'add', '2025-07-28', 0, 0, 0, 0, 0, 0, 0, 0, 0, 0, 0, 0, 0, 0, 0, 303, 0, 0, 0, 0, 0, 0, 0, 0, 0, 0, 0, 0, 0, 0, 303, 0, 0, 0, 0, 0, 0, 0, 0, 0, 0, 0, 0, 0, 0, NULL, 4, '159.192.115.99', 'Mozilla/5.0 (Windows NT 10.0; Win64; x64) AppleWebKit/537.36 (KHTML, like Gecko) Chrome/138.0.0.0 Safari/537.36 Edg/138.0.0.0', '2025-07-28 09:39:35'),
(80, 158, 'add', '2025-07-28', 0, 0, 0, 0, 0, 0, 0, 0, 0, 0, 0, 0, 0, 0, 0, 10, 0, 0, 0, 0, 0, 0, 0, 0, 0, 0, 0, 0, 0, 0, 10, 0, 0, 0, 0, 0, 0, 0, 0, 0, 0, 0, 0, 0, 0, NULL, 4, '101.108.211.110', 'Mozilla/5.0 (Windows NT 10.0; Win64; x64) AppleWebKit/537.36 (KHTML, like Gecko) Chrome/138.0.0.0 Safari/537.36 Edg/138.0.0.0', '2025-07-28 09:39:41'),
(81, 72, 'add', '2025-07-28', 200, 0, 0, 0, 0, 0, 0, 0, 0, 0, 0, 0, 0, 0, 0, 340, 0, 0, 0, 0, 0, 0, 0, 0, 0, 0, 0, 0, 0, 0, 540, 0, 0, 0, 0, 0, 0, 0, 0, 0, 0, 0, 0, 0, 0, NULL, 4, '101.108.211.110', 'Mozilla/5.0 (Windows NT 10.0; Win64; x64) AppleWebKit/537.36 (KHTML, like Gecko) Chrome/138.0.0.0 Safari/537.36 Edg/138.0.0.0', '2025-07-28 09:40:25'),
(82, 159, 'add', '2025-07-28', 0, 0, 0, 0, 0, 0, 0, 0, 0, 0, 0, 0, 0, 0, 0, 561, 0, 0, 0, 0, 0, 0, 0, 0, 0, 0, 0, 0, 0, 0, 561, 0, 0, 0, 0, 0, 0, 0, 0, 0, 0, 0, 0, 0, 0, NULL, 4, '159.192.115.99', 'Mozilla/5.0 (Windows NT 10.0; Win64; x64) AppleWebKit/537.36 (KHTML, like Gecko) Chrome/138.0.0.0 Safari/537.36 Edg/138.0.0.0', '2025-07-28 09:40:48'),
(83, 72, 'subtract', '2025-07-28', 540, 0, 0, 0, 0, 0, 0, 0, 0, 0, 0, 0, 0, 0, 0, 200, 0, 0, 0, 0, 0, 0, 0, 0, 0, 0, 0, 0, 0, 0, 340, 0, 0, 0, 0, 0, 0, 0, 0, 0, 0, 0, 0, 0, 0, NULL, 4, '101.108.211.110', 'Mozilla/5.0 (Windows NT 10.0; Win64; x64) AppleWebKit/537.36 (KHTML, like Gecko) Chrome/138.0.0.0 Safari/537.36 Edg/138.0.0.0', '2025-07-28 09:41:07'),
(84, 160, 'add', '2025-07-28', 0, 0, 0, 0, 0, 0, 0, 0, 0, 0, 0, 0, 0, 0, 0, 389, 0, 0, 0, 0, 0, 0, 0, 0, 0, 0, 0, 0, 0, 0, 389, 0, 0, 0, 0, 0, 0, 0, 0, 0, 0, 0, 0, 0, 0, NULL, 4, '159.192.115.99', 'Mozilla/5.0 (Windows NT 10.0; Win64; x64) AppleWebKit/537.36 (KHTML, like Gecko) Chrome/138.0.0.0 Safari/537.36 Edg/138.0.0.0', '2025-07-28 09:41:53'),
(85, 73, 'add', '2025-07-28', 390, 0, 0, 0, 0, 0, 0, 0, 0, 0, 0, 0, 0, 0, 0, 7, 0, 0, 0, 0, 0, 0, 0, 0, 0, 0, 0, 0, 0, 0, 397, 0, 0, 0, 0, 0, 0, 0, 0, 0, 0, 0, 0, 0, 0, NULL, 4, '101.108.211.110', 'Mozilla/5.0 (Windows NT 10.0; Win64; x64) AppleWebKit/537.36 (KHTML, like Gecko) Chrome/138.0.0.0 Safari/537.36 Edg/138.0.0.0', '2025-07-28 09:42:15'),
(86, 161, 'add', '2025-07-28', 0, 0, 0, 0, 0, 0, 0, 0, 0, 0, 0, 0, 0, 0, 0, 365, 0, 0, 0, 0, 0, 0, 0, 0, 0, 0, 0, 0, 0, 0, 365, 0, 0, 0, 0, 0, 0, 0, 0, 0, 0, 0, 0, 0, 0, NULL, 4, '159.192.115.99', 'Mozilla/5.0 (Windows NT 10.0; Win64; x64) AppleWebKit/537.36 (KHTML, like Gecko) Chrome/138.0.0.0 Safari/537.36 Edg/138.0.0.0', '2025-07-28 09:43:23'),
(87, 77, 'add', '2025-07-28', 68, 0, 0, 0, 0, 0, 0, 0, 0, 0, 0, 0, 0, 0, 0, 16, 0, 0, 0, 0, 0, 0, 0, 0, 0, 0, 0, 0, 0, 0, 84, 0, 0, 0, 0, 0, 0, 0, 0, 0, 0, 0, 0, 0, 0, NULL, 4, '101.108.211.110', 'Mozilla/5.0 (Windows NT 10.0; Win64; x64) AppleWebKit/537.36 (KHTML, like Gecko) Chrome/138.0.0.0 Safari/537.36 Edg/138.0.0.0', '2025-07-28 09:43:57'),
(88, 162, 'add', '2025-07-28', 0, 0, 0, 0, 0, 0, 0, 0, 0, 0, 0, 0, 0, 0, 0, 728, 0, 0, 0, 0, 0, 0, 0, 0, 0, 0, 0, 0, 0, 0, 728, 0, 0, 0, 0, 0, 0, 0, 0, 0, 0, 0, 0, 0, 0, NULL, 4, '159.192.115.99', 'Mozilla/5.0 (Windows NT 10.0; Win64; x64) AppleWebKit/537.36 (KHTML, like Gecko) Chrome/138.0.0.0 Safari/537.36 Edg/138.0.0.0', '2025-07-28 09:45:21'),
(89, 163, 'add', '2025-07-28', 0, 0, 0, 0, 0, 0, 0, 0, 0, 0, 0, 0, 0, 0, 0, 1365, 0, 0, 0, 0, 0, 0, 0, 0, 0, 0, 0, 0, 0, 0, 1365, 0, 0, 0, 0, 0, 0, 0, 0, 0, 0, 0, 0, 0, 0, NULL, 4, '159.192.115.99', 'Mozilla/5.0 (Windows NT 10.0; Win64; x64) AppleWebKit/537.36 (KHTML, like Gecko) Chrome/138.0.0.0 Safari/537.36 Edg/138.0.0.0', '2025-07-28 09:47:14'),
(90, 164, 'add', '2025-07-28', 0, 0, 0, 0, 0, 0, 0, 0, 0, 0, 0, 0, 0, 0, 0, 85, 0, 0, 0, 0, 0, 0, 0, 0, 0, 0, 0, 0, 0, 0, 85, 0, 0, 0, 0, 0, 0, 0, 0, 0, 0, 0, 0, 0, 0, NULL, 4, '101.108.211.110', 'Mozilla/5.0 (Windows NT 10.0; Win64; x64) AppleWebKit/537.36 (KHTML, like Gecko) Chrome/138.0.0.0 Safari/537.36 Edg/138.0.0.0', '2025-07-28 09:48:01'),
(91, 165, 'add', '2025-07-28', 0, 0, 0, 0, 0, 0, 0, 0, 0, 0, 0, 0, 0, 0, 0, 405, 0, 0, 0, 0, 0, 0, 0, 0, 0, 0, 0, 0, 0, 0, 405, 0, 0, 0, 0, 0, 0, 0, 0, 0, 0, 0, 0, 0, 0, NULL, 4, '159.192.115.99', 'Mozilla/5.0 (Windows NT 10.0; Win64; x64) AppleWebKit/537.36 (KHTML, like Gecko) Chrome/138.0.0.0 Safari/537.36 Edg/138.0.0.0', '2025-07-28 09:48:35'),
(92, 166, 'add', '2025-07-28', 0, 0, 0, 0, 0, 0, 0, 0, 0, 0, 0, 0, 0, 0, 0, 91, 0, 0, 0, 0, 0, 0, 0, 0, 0, 0, 0, 0, 0, 0, 91, 0, 0, 0, 0, 0, 0, 0, 0, 0, 0, 0, 0, 0, 0, NULL, 4, '101.108.211.110', 'Mozilla/5.0 (Windows NT 10.0; Win64; x64) AppleWebKit/537.36 (KHTML, like Gecko) Chrome/138.0.0.0 Safari/537.36 Edg/138.0.0.0', '2025-07-28 09:49:05'),
(93, 168, 'add', '2025-07-28', 0, 0, 0, 0, 0, 0, 0, 0, 0, 0, 0, 0, 0, 0, 0, 78, 0, 0, 0, 0, 0, 0, 0, 0, 0, 0, 0, 0, 0, 0, 78, 0, 0, 0, 0, 0, 0, 0, 0, 0, 0, 0, 0, 0, 0, NULL, 4, '101.108.211.110', 'Mozilla/5.0 (Windows NT 10.0; Win64; x64) AppleWebKit/537.36 (KHTML, like Gecko) Chrome/138.0.0.0 Safari/537.36 Edg/138.0.0.0', '2025-07-28 09:49:53'),
(94, 167, 'add', '2025-07-28', 0, 0, 0, 0, 0, 0, 0, 0, 0, 0, 0, 0, 0, 0, 0, 669, 0, 0, 0, 0, 0, 0, 0, 0, 0, 0, 0, 0, 0, 0, 669, 0, 0, 0, 0, 0, 0, 0, 0, 0, 0, 0, 0, 0, 0, NULL, 4, '159.192.115.99', 'Mozilla/5.0 (Windows NT 10.0; Win64; x64) AppleWebKit/537.36 (KHTML, like Gecko) Chrome/138.0.0.0 Safari/537.36 Edg/138.0.0.0', '2025-07-28 09:49:56'),
(95, 169, 'add', '2025-07-28', 0, 0, 0, 0, 0, 0, 0, 0, 0, 0, 0, 0, 0, 0, 0, 432, 0, 0, 0, 0, 0, 0, 0, 0, 0, 0, 0, 0, 0, 0, 432, 0, 0, 0, 0, 0, 0, 0, 0, 0, 0, 0, 0, 0, 0, NULL, 4, '101.108.211.110', 'Mozilla/5.0 (Windows NT 10.0; Win64; x64) AppleWebKit/537.36 (KHTML, like Gecko) Chrome/138.0.0.0 Safari/537.36 Edg/138.0.0.0', '2025-07-28 09:53:20'),
(96, 170, 'add', '2025-07-28', 0, 0, 0, 0, 0, 0, 0, 0, 0, 0, 0, 0, 0, 0, 0, 389, 0, 0, 0, 0, 0, 0, 0, 0, 0, 0, 0, 0, 0, 0, 389, 0, 0, 0, 0, 0, 0, 0, 0, 0, 0, 0, 0, 0, 0, NULL, 4, '101.108.211.110', 'Mozilla/5.0 (Windows NT 10.0; Win64; x64) AppleWebKit/537.36 (KHTML, like Gecko) Chrome/138.0.0.0 Safari/537.36 Edg/138.0.0.0', '2025-07-28 09:55:40'),
(97, 171, 'add', '2025-07-28', 0, 0, 0, 0, 0, 0, 0, 0, 0, 0, 0, 0, 0, 0, 0, 227, 0, 0, 0, 0, 0, 0, 0, 0, 0, 0, 0, 0, 0, 0, 227, 0, 0, 0, 0, 0, 0, 0, 0, 0, 0, 0, 0, 0, 0, NULL, 4, '101.108.211.110', 'Mozilla/5.0 (Windows NT 10.0; Win64; x64) AppleWebKit/537.36 (KHTML, like Gecko) Chrome/138.0.0.0 Safari/537.36 Edg/138.0.0.0', '2025-07-28 09:56:10'),
(98, 172, 'add', '2025-07-28', 0, 0, 0, 0, 0, 0, 0, 0, 0, 0, 0, 0, 0, 0, 0, 227, 0, 0, 0, 0, 0, 0, 0, 0, 0, 0, 0, 0, 0, 0, 227, 0, 0, 0, 0, 0, 0, 0, 0, 0, 0, 0, 0, 0, 0, NULL, 4, '101.108.211.110', 'Mozilla/5.0 (Windows NT 10.0; Win64; x64) AppleWebKit/537.36 (KHTML, like Gecko) Chrome/138.0.0.0 Safari/537.36 Edg/138.0.0.0', '2025-07-28 09:56:40'),
(99, 173, 'add', '2025-07-28', 0, 0, 0, 0, 0, 0, 0, 0, 0, 0, 0, 0, 0, 0, 0, 325, 0, 0, 0, 0, 0, 0, 0, 0, 0, 0, 0, 0, 0, 0, 325, 0, 0, 0, 0, 0, 0, 0, 0, 0, 0, 0, 0, 0, 0, NULL, 4, '101.108.211.110', 'Mozilla/5.0 (Windows NT 10.0; Win64; x64) AppleWebKit/537.36 (KHTML, like Gecko) Chrome/138.0.0.0 Safari/537.36 Edg/138.0.0.0', '2025-07-28 09:57:05'),
(101, 176, 'add', '2025-07-28', 0, 0, 0, 0, 0, 0, 0, 0, 0, 0, 0, 0, 0, 0, 0, 167, 0, 0, 0, 0, 0, 0, 0, 0, 0, 0, 0, 0, 0, 0, 167, 0, 0, 0, 0, 0, 0, 0, 0, 0, 0, 0, 0, 0, 0, NULL, 4, '101.108.211.110', 'Mozilla/5.0 (Windows NT 10.0; Win64; x64) AppleWebKit/537.36 (KHTML, like Gecko) Chrome/138.0.0.0 Safari/537.36 Edg/138.0.0.0', '2025-07-28 10:00:01'),
(102, 177, 'add', '2025-07-28', 0, 0, 0, 0, 0, 0, 0, 0, 0, 0, 0, 0, 0, 0, 0, 138, 0, 0, 0, 0, 0, 0, 0, 0, 0, 0, 0, 0, 0, 0, 138, 0, 0, 0, 0, 0, 0, 0, 0, 0, 0, 0, 0, 0, 0, NULL, 4, '101.108.211.110', 'Mozilla/5.0 (Windows NT 10.0; Win64; x64) AppleWebKit/537.36 (KHTML, like Gecko) Chrome/138.0.0.0 Safari/537.36 Edg/138.0.0.0', '2025-07-28 10:00:33'),
(104, 178, 'add', '2025-07-28', 0, 0, 0, 0, 0, 0, 0, 0, 0, 0, 0, 0, 0, 0, 0, 14, 0, 0, 0, 0, 0, 0, 0, 0, 0, 0, 0, 0, 0, 0, 14, 0, 0, 0, 0, 0, 0, 0, 0, 0, 0, 0, 0, 0, 0, NULL, 4, '101.108.211.110', 'Mozilla/5.0 (Windows NT 10.0; Win64; x64) AppleWebKit/537.36 (KHTML, like Gecko) Chrome/138.0.0.0 Safari/537.36 Edg/138.0.0.0', '2025-07-28 10:01:00'),
(105, 179, 'add', '2025-07-28', 0, 0, 0, 0, 0, 0, 0, 0, 0, 0, 0, 0, 0, 0, 0, 266, 0, 0, 0, 0, 0, 0, 0, 0, 0, 0, 0, 0, 0, 0, 266, 0, 0, 0, 0, 0, 0, 0, 0, 0, 0, 0, 0, 0, 0, NULL, 4, '101.108.211.110', 'Mozilla/5.0 (Windows NT 10.0; Win64; x64) AppleWebKit/537.36 (KHTML, like Gecko) Chrome/138.0.0.0 Safari/537.36 Edg/138.0.0.0', '2025-07-28 10:01:28'),
(106, 96, 'add', '2025-07-28', 0, 0, 0, 0, 0, 0, 0, 0, 0, 0, 0, 0, 0, 0, 0, 282, 0, 0, 0, 0, 0, 0, 0, 0, 0, 0, 0, 0, 0, 0, 282, 0, 0, 0, 0, 0, 0, 0, 0, 0, 0, 0, 0, 0, 0, NULL, 4, '159.192.115.99', 'Mozilla/5.0 (Windows NT 10.0; Win64; x64) AppleWebKit/537.36 (KHTML, like Gecko) Chrome/138.0.0.0 Safari/537.36 Edg/138.0.0.0', '2025-07-28 10:02:11'),
(107, 180, 'add', '2025-07-28', 0, 0, 0, 0, 0, 0, 0, 0, 0, 0, 0, 0, 0, 0, 0, 8, 0, 0, 0, 0, 0, 0, 0, 0, 0, 0, 0, 0, 0, 0, 8, 0, 0, 0, 0, 0, 0, 0, 0, 0, 0, 0, 0, 0, 0, NULL, 4, '101.108.211.110', 'Mozilla/5.0 (Windows NT 10.0; Win64; x64) AppleWebKit/537.36 (KHTML, like Gecko) Chrome/138.0.0.0 Safari/537.36 Edg/138.0.0.0', '2025-07-28 10:02:18'),
(108, 181, 'add', '2025-07-28', 0, 0, 0, 0, 0, 0, 0, 0, 0, 0, 0, 0, 0, 0, 0, 27, 0, 0, 0, 0, 0, 0, 0, 0, 0, 0, 0, 0, 0, 0, 27, 0, 0, 0, 0, 0, 0, 0, 0, 0, 0, 0, 0, 0, 0, NULL, 4, '101.108.211.110', 'Mozilla/5.0 (Windows NT 10.0; Win64; x64) AppleWebKit/537.36 (KHTML, like Gecko) Chrome/138.0.0.0 Safari/537.36 Edg/138.0.0.0', '2025-07-28 10:03:01'),
(109, 182, 'add', '2025-07-28', 0, 0, 0, 0, 0, 0, 0, 0, 0, 0, 0, 0, 0, 0, 0, 196, 0, 0, 0, 0, 0, 0, 0, 0, 0, 0, 0, 0, 0, 0, 196, 0, 0, 0, 0, 0, 0, 0, 0, 0, 0, 0, 0, 0, 0, NULL, 4, '101.108.211.110', 'Mozilla/5.0 (Windows NT 10.0; Win64; x64) AppleWebKit/537.36 (KHTML, like Gecko) Chrome/138.0.0.0 Safari/537.36 Edg/138.0.0.0', '2025-07-28 10:03:32'),
(110, 183, 'add', '2025-07-28', 0, 0, 0, 0, 0, 0, 0, 0, 0, 0, 0, 0, 0, 0, 0, 8, 0, 0, 0, 0, 0, 0, 0, 0, 0, 0, 0, 0, 0, 0, 8, 0, 0, 0, 0, 0, 0, 0, 0, 0, 0, 0, 0, 0, 0, NULL, 4, '101.108.211.110', 'Mozilla/5.0 (Windows NT 10.0; Win64; x64) AppleWebKit/537.36 (KHTML, like Gecko) Chrome/138.0.0.0 Safari/537.36 Edg/138.0.0.0', '2025-07-28 10:03:55'),
(111, 184, 'add', '2025-07-28', 0, 0, 0, 0, 0, 0, 0, 0, 0, 0, 0, 0, 0, 0, 0, 47, 0, 0, 0, 0, 0, 0, 0, 0, 0, 0, 0, 0, 0, 0, 47, 0, 0, 0, 0, 0, 0, 0, 0, 0, 0, 0, 0, 0, 0, NULL, 4, '101.108.211.110', 'Mozilla/5.0 (Windows NT 10.0; Win64; x64) AppleWebKit/537.36 (KHTML, like Gecko) Chrome/138.0.0.0 Safari/537.36 Edg/138.0.0.0', '2025-07-28 10:04:19'),
(112, 185, 'add', '2025-07-28', 0, 0, 0, 0, 0, 0, 0, 0, 0, 0, 0, 0, 0, 0, 0, 48, 0, 0, 0, 0, 0, 0, 0, 0, 0, 0, 0, 0, 0, 0, 48, 0, 0, 0, 0, 0, 0, 0, 0, 0, 0, 0, 0, 0, 0, NULL, 4, '101.108.211.110', 'Mozilla/5.0 (Windows NT 10.0; Win64; x64) AppleWebKit/537.36 (KHTML, like Gecko) Chrome/138.0.0.0 Safari/537.36 Edg/138.0.0.0', '2025-07-28 10:05:09'),
(113, 187, 'add', '2025-07-28', 0, 0, 0, 0, 0, 0, 0, 0, 0, 0, 0, 0, 0, 0, 0, 206, 0, 0, 0, 0, 0, 0, 0, 0, 0, 0, 0, 0, 0, 0, 206, 0, 0, 0, 0, 0, 0, 0, 0, 0, 0, 0, 0, 0, 0, NULL, 4, '101.108.211.110', 'Mozilla/5.0 (Windows NT 10.0; Win64; x64) AppleWebKit/537.36 (KHTML, like Gecko) Chrome/138.0.0.0 Safari/537.36 Edg/138.0.0.0', '2025-07-28 10:09:52'),
(114, 188, 'add', '2025-07-28', 0, 0, 0, 0, 0, 0, 0, 0, 0, 0, 0, 0, 0, 0, 0, 284, 0, 0, 0, 0, 0, 0, 0, 0, 0, 0, 0, 0, 0, 0, 284, 0, 0, 0, 0, 0, 0, 0, 0, 0, 0, 0, 0, 0, 0, NULL, 4, '101.108.211.110', 'Mozilla/5.0 (Windows NT 10.0; Win64; x64) AppleWebKit/537.36 (KHTML, like Gecko) Chrome/138.0.0.0 Safari/537.36 Edg/138.0.0.0', '2025-07-28 10:10:52'),
(115, 54, 'add', '2025-07-28', 0, 0, 0, 0, 0, 0, 0, 0, 0, 0, 0, 0, 0, 0, 0, 330, 0, 0, 0, 0, 0, 0, 0, 0, 0, 0, 0, 0, 0, 0, 330, 0, 0, 0, 0, 0, 0, 0, 0, 0, 0, 0, 0, 0, 0, NULL, 4, '159.192.115.99', 'Mozilla/5.0 (Windows NT 10.0; Win64; x64) AppleWebKit/537.36 (KHTML, like Gecko) Chrome/138.0.0.0 Safari/537.36 Edg/138.0.0.0', '2025-07-28 10:11:26'),
(116, 56, 'add', '2025-07-28', 0, 0, 0, 0, 0, 0, 0, 0, 0, 0, 0, 0, 0, 0, 0, 205, 0, 0, 0, 0, 0, 0, 0, 0, 0, 0, 0, 0, 0, 0, 205, 0, 0, 0, 0, 0, 0, 0, 0, 0, 0, 0, 0, 0, 0, NULL, 4, '159.192.115.99', 'Mozilla/5.0 (Windows NT 10.0; Win64; x64) AppleWebKit/537.36 (KHTML, like Gecko) Chrome/138.0.0.0 Safari/537.36 Edg/138.0.0.0', '2025-07-28 10:12:04'),
(117, 189, 'add', '2025-07-28', 0, 0, 0, 0, 0, 0, 0, 0, 0, 0, 0, 0, 0, 0, 0, 168, 0, 0, 0, 0, 0, 0, 0, 0, 0, 0, 0, 0, 0, 0, 168, 0, 0, 0, 0, 0, 0, 0, 0, 0, 0, 0, 0, 0, 0, NULL, 4, '101.108.211.110', 'Mozilla/5.0 (Windows NT 10.0; Win64; x64) AppleWebKit/537.36 (KHTML, like Gecko) Chrome/138.0.0.0 Safari/537.36 Edg/138.0.0.0', '2025-07-28 10:12:34'),
(118, 190, 'add', '2025-07-28', 0, 0, 0, 0, 0, 0, 0, 0, 0, 0, 0, 0, 0, 0, 0, 186, 0, 0, 0, 0, 0, 0, 0, 0, 0, 0, 0, 0, 0, 0, 186, 0, 0, 0, 0, 0, 0, 0, 0, 0, 0, 0, 0, 0, 0, NULL, 4, '101.108.211.110', 'Mozilla/5.0 (Windows NT 10.0; Win64; x64) AppleWebKit/537.36 (KHTML, like Gecko) Chrome/138.0.0.0 Safari/537.36 Edg/138.0.0.0', '2025-07-28 10:13:06'),
(119, 191, 'add', '2025-07-28', 0, 0, 0, 0, 0, 0, 0, 0, 0, 0, 0, 0, 0, 0, 0, 206, 0, 0, 0, 0, 0, 0, 0, 0, 0, 0, 0, 0, 0, 0, 206, 0, 0, 0, 0, 0, 0, 0, 0, 0, 0, 0, 0, 0, 0, NULL, 4, '101.108.211.110', 'Mozilla/5.0 (Windows NT 10.0; Win64; x64) AppleWebKit/537.36 (KHTML, like Gecko) Chrome/138.0.0.0 Safari/537.36 Edg/138.0.0.0', '2025-07-28 10:13:42'),
(120, 193, 'add', '2025-07-28', 0, 0, 0, 0, 0, 0, 0, 0, 0, 0, 0, 0, 0, 0, 0, 83, 0, 0, 0, 0, 0, 0, 0, 0, 0, 0, 0, 0, 0, 0, 83, 0, 0, 0, 0, 0, 0, 0, 0, 0, 0, 0, 0, 0, 0, NULL, 4, '101.108.211.110', 'Mozilla/5.0 (Windows NT 10.0; Win64; x64) AppleWebKit/537.36 (KHTML, like Gecko) Chrome/138.0.0.0 Safari/537.36 Edg/138.0.0.0', '2025-07-28 10:14:41'),
(121, 195, 'add', '2025-07-28', 0, 0, 0, 0, 0, 0, 0, 0, 0, 0, 0, 0, 0, 0, 0, 177, 0, 0, 0, 0, 0, 0, 0, 0, 0, 0, 0, 0, 0, 0, 177, 0, 0, 0, 0, 0, 0, 0, 0, 0, 0, 0, 0, 0, 0, NULL, 4, '101.108.211.110', 'Mozilla/5.0 (Windows NT 10.0; Win64; x64) AppleWebKit/537.36 (KHTML, like Gecko) Chrome/138.0.0.0 Safari/537.36 Edg/138.0.0.0', '2025-07-28 10:16:21'),
(122, 196, 'add', '2025-07-28', 0, 0, 0, 0, 0, 0, 0, 0, 0, 0, 0, 0, 0, 0, 0, 76, 0, 0, 0, 0, 0, 0, 0, 0, 0, 0, 0, 0, 0, 0, 76, 0, 0, 0, 0, 0, 0, 0, 0, 0, 0, 0, 0, 0, 0, NULL, 4, '101.108.211.110', 'Mozilla/5.0 (Windows NT 10.0; Win64; x64) AppleWebKit/537.36 (KHTML, like Gecko) Chrome/138.0.0.0 Safari/537.36 Edg/138.0.0.0', '2025-07-28 10:17:07'),
(123, 197, 'add', '2025-07-28', 0, 0, 0, 0, 0, 0, 0, 0, 0, 0, 0, 0, 0, 0, 0, 99, 0, 0, 0, 0, 0, 0, 0, 0, 0, 0, 0, 0, 0, 0, 99, 0, 0, 0, 0, 0, 0, 0, 0, 0, 0, 0, 0, 0, 0, NULL, 4, '101.108.211.110', 'Mozilla/5.0 (Windows NT 10.0; Win64; x64) AppleWebKit/537.36 (KHTML, like Gecko) Chrome/138.0.0.0 Safari/537.36 Edg/138.0.0.0', '2025-07-28 10:17:34'),
(124, 198, 'add', '2025-07-28', 0, 0, 0, 0, 0, 0, 0, 0, 0, 0, 0, 0, 0, 0, 0, 24, 0, 0, 0, 0, 0, 0, 0, 0, 0, 0, 0, 0, 0, 0, 24, 0, 0, 0, 0, 0, 0, 0, 0, 0, 0, 0, 0, 0, 0, NULL, 4, '101.108.211.110', 'Mozilla/5.0 (Windows NT 10.0; Win64; x64) AppleWebKit/537.36 (KHTML, like Gecko) Chrome/138.0.0.0 Safari/537.36 Edg/138.0.0.0', '2025-07-28 10:17:58'),
(125, 199, 'add', '2025-07-28', 0, 0, 0, 0, 0, 0, 0, 0, 0, 0, 0, 0, 0, 0, 0, 94, 0, 0, 0, 0, 0, 0, 0, 0, 0, 0, 0, 0, 0, 0, 94, 0, 0, 0, 0, 0, 0, 0, 0, 0, 0, 0, 0, 0, 0, NULL, 4, '159.192.115.99', 'Mozilla/5.0 (Windows NT 10.0; Win64; x64) AppleWebKit/537.36 (KHTML, like Gecko) Chrome/138.0.0.0 Safari/537.36 Edg/138.0.0.0', '2025-07-28 10:18:27'),
(126, 200, 'add', '2025-07-28', 0, 0, 0, 0, 0, 0, 0, 0, 0, 0, 0, 0, 0, 0, 0, 12, 0, 0, 0, 0, 0, 0, 0, 0, 0, 0, 0, 0, 0, 0, 12, 0, 0, 0, 0, 0, 0, 0, 0, 0, 0, 0, 0, 0, 0, NULL, 4, '101.108.211.110', 'Mozilla/5.0 (Windows NT 10.0; Win64; x64) AppleWebKit/537.36 (KHTML, like Gecko) Chrome/138.0.0.0 Safari/537.36 Edg/138.0.0.0', '2025-07-28 10:18:28'),
(127, 202, 'add', '2025-07-28', 0, 0, 0, 0, 0, 0, 0, 0, 0, 0, 0, 0, 0, 0, 0, 151, 0, 0, 0, 0, 0, 0, 0, 0, 0, 0, 0, 0, 0, 0, 151, 0, 0, 0, 0, 0, 0, 0, 0, 0, 0, 0, 0, 0, 0, NULL, 4, '159.192.115.99', 'Mozilla/5.0 (Windows NT 10.0; Win64; x64) AppleWebKit/537.36 (KHTML, like Gecko) Chrome/138.0.0.0 Safari/537.36 Edg/138.0.0.0', '2025-07-28 10:19:21'),
(128, 203, 'add', '2025-07-28', 0, 0, 0, 0, 0, 0, 0, 0, 0, 0, 0, 0, 0, 0, 0, 100, 0, 0, 0, 0, 0, 0, 0, 0, 0, 0, 0, 0, 0, 0, 100, 0, 0, 0, 0, 0, 0, 0, 0, 0, 0, 0, 0, 0, 0, NULL, 4, '159.192.115.99', 'Mozilla/5.0 (Windows NT 10.0; Win64; x64) AppleWebKit/537.36 (KHTML, like Gecko) Chrome/138.0.0.0 Safari/537.36 Edg/138.0.0.0', '2025-07-28 10:20:01'),
(129, 204, 'add', '2025-07-28', 0, 0, 0, 0, 0, 0, 0, 0, 0, 0, 0, 0, 0, 0, 0, 180, 0, 0, 0, 0, 0, 0, 0, 0, 0, 0, 0, 0, 0, 0, 180, 0, 0, 0, 0, 0, 0, 0, 0, 0, 0, 0, 0, 0, 0, NULL, 4, '159.192.115.99', 'Mozilla/5.0 (Windows NT 10.0; Win64; x64) AppleWebKit/537.36 (KHTML, like Gecko) Chrome/138.0.0.0 Safari/537.36 Edg/138.0.0.0', '2025-07-28 10:20:48'),
(130, 206, 'add', '2025-07-28', 0, 0, 0, 0, 0, 0, 0, 0, 0, 0, 0, 0, 0, 0, 0, 40, 0, 0, 0, 0, 0, 0, 0, 0, 0, 0, 0, 0, 0, 0, 40, 0, 0, 0, 0, 0, 0, 0, 0, 0, 0, 0, 0, 0, 0, NULL, 4, '159.192.115.99', 'Mozilla/5.0 (Windows NT 10.0; Win64; x64) AppleWebKit/537.36 (KHTML, like Gecko) Chrome/138.0.0.0 Safari/537.36 Edg/138.0.0.0', '2025-07-28 10:21:34'),
(131, 208, 'add', '2025-07-28', 0, 0, 0, 0, 0, 0, 0, 0, 0, 0, 0, 0, 0, 0, 0, 55, 0, 0, 0, 0, 0, 0, 0, 0, 0, 0, 0, 0, 0, 0, 55, 0, 0, 0, 0, 0, 0, 0, 0, 0, 0, 0, 0, 0, 0, NULL, 4, '159.192.115.99', 'Mozilla/5.0 (Windows NT 10.0; Win64; x64) AppleWebKit/537.36 (KHTML, like Gecko) Chrome/138.0.0.0 Safari/537.36 Edg/138.0.0.0', '2025-07-28 10:22:23'),
(133, 209, 'add', '2025-07-28', 0, 0, 0, 0, 0, 0, 0, 0, 0, 0, 0, 0, 0, 0, 0, 80, 0, 0, 0, 0, 0, 0, 0, 0, 0, 0, 0, 0, 0, 0, 80, 0, 0, 0, 0, 0, 0, 0, 0, 0, 0, 0, 0, 0, 0, NULL, 4, '159.192.115.99', 'Mozilla/5.0 (Windows NT 10.0; Win64; x64) AppleWebKit/537.36 (KHTML, like Gecko) Chrome/138.0.0.0 Safari/537.36 Edg/138.0.0.0', '2025-07-28 10:23:18'),
(134, 210, 'add', '2025-07-28', 0, 0, 0, 0, 0, 0, 0, 0, 0, 0, 0, 0, 0, 0, 0, 240, 0, 0, 0, 0, 0, 0, 0, 0, 0, 0, 0, 0, 0, 0, 240, 0, 0, 0, 0, 0, 0, 0, 0, 0, 0, 0, 0, 0, 0, NULL, 4, '159.192.115.99', 'Mozilla/5.0 (Windows NT 10.0; Win64; x64) AppleWebKit/537.36 (KHTML, like Gecko) Chrome/138.0.0.0 Safari/537.36 Edg/138.0.0.0', '2025-07-28 10:24:19'),
(135, 211, 'add', '2025-07-28', 0, 0, 0, 0, 0, 0, 0, 0, 0, 0, 0, 0, 0, 0, 0, 105, 0, 0, 0, 0, 0, 0, 0, 0, 0, 0, 0, 0, 0, 0, 105, 0, 0, 0, 0, 0, 0, 0, 0, 0, 0, 0, 0, 0, 0, NULL, 4, '159.192.115.99', 'Mozilla/5.0 (Windows NT 10.0; Win64; x64) AppleWebKit/537.36 (KHTML, like Gecko) Chrome/138.0.0.0 Safari/537.36 Edg/138.0.0.0', '2025-07-28 10:26:46'),
(136, 212, 'add', '2025-07-28', 0, 0, 0, 0, 0, 0, 0, 0, 0, 0, 0, 0, 0, 0, 0, 100, 0, 0, 0, 0, 0, 0, 0, 0, 0, 0, 0, 0, 0, 0, 100, 0, 0, 0, 0, 0, 0, 0, 0, 0, 0, 0, 0, 0, 0, NULL, 4, '159.192.115.99', 'Mozilla/5.0 (Windows NT 10.0; Win64; x64) AppleWebKit/537.36 (KHTML, like Gecko) Chrome/138.0.0.0 Safari/537.36 Edg/138.0.0.0', '2025-07-28 10:27:26'),
(137, 213, 'add', '2025-07-28', 0, 0, 0, 0, 0, 0, 0, 0, 0, 0, 0, 0, 0, 0, 0, 100, 0, 0, 0, 0, 0, 0, 0, 0, 0, 0, 0, 0, 0, 0, 100, 0, 0, 0, 0, 0, 0, 0, 0, 0, 0, 0, 0, 0, 0, NULL, 4, '159.192.115.99', 'Mozilla/5.0 (Windows NT 10.0; Win64; x64) AppleWebKit/537.36 (KHTML, like Gecko) Chrome/138.0.0.0 Safari/537.36 Edg/138.0.0.0', '2025-07-28 10:29:45'),
(138, 214, 'add', '2025-07-28', 0, 0, 0, 0, 0, 0, 0, 0, 0, 0, 0, 0, 0, 0, 0, 8, 0, 0, 0, 0, 0, 0, 0, 0, 0, 0, 0, 0, 0, 0, 8, 0, 0, 0, 0, 0, 0, 0, 0, 0, 0, 0, 0, 0, 0, NULL, 4, '159.192.115.99', 'Mozilla/5.0 (Windows NT 10.0; Win64; x64) AppleWebKit/537.36 (KHTML, like Gecko) Chrome/138.0.0.0 Safari/537.36 Edg/138.0.0.0', '2025-07-28 10:31:17'),
(139, 216, 'add', '2025-07-28', 0, 0, 0, 0, 0, 0, 0, 0, 0, 0, 0, 0, 0, 0, 0, 104, 0, 0, 0, 0, 0, 0, 0, 0, 0, 0, 0, 0, 0, 0, 104, 0, 0, 0, 0, 0, 0, 0, 0, 0, 0, 0, 0, 0, 0, NULL, 4, '101.108.211.110', 'Mozilla/5.0 (Windows NT 10.0; Win64; x64) AppleWebKit/537.36 (KHTML, like Gecko) Chrome/138.0.0.0 Safari/537.36 Edg/138.0.0.0', '2025-07-28 10:31:55'),
(140, 217, 'add', '2025-07-28', 0, 0, 0, 0, 0, 0, 0, 0, 0, 0, 0, 0, 0, 0, 0, 16, 0, 0, 0, 0, 0, 0, 0, 0, 0, 0, 0, 0, 0, 0, 16, 0, 0, 0, 0, 0, 0, 0, 0, 0, 0, 0, 0, 0, 0, NULL, 4, '159.192.115.99', 'Mozilla/5.0 (Windows NT 10.0; Win64; x64) AppleWebKit/537.36 (KHTML, like Gecko) Chrome/138.0.0.0 Safari/537.36 Edg/138.0.0.0', '2025-07-28 10:32:32'),
(141, 218, 'add', '2025-07-28', 0, 0, 0, 0, 0, 0, 0, 0, 0, 0, 0, 0, 0, 0, 0, 25, 0, 0, 0, 0, 0, 0, 0, 0, 0, 0, 0, 0, 0, 0, 25, 0, 0, 0, 0, 0, 0, 0, 0, 0, 0, 0, 0, 0, 0, NULL, 4, '101.108.211.110', 'Mozilla/5.0 (Windows NT 10.0; Win64; x64) AppleWebKit/537.36 (KHTML, like Gecko) Chrome/138.0.0.0 Safari/537.36 Edg/138.0.0.0', '2025-07-28 10:32:47'),
(142, 219, 'add', '2025-07-28', 0, 0, 0, 0, 0, 0, 0, 0, 0, 0, 0, 0, 0, 0, 0, 2, 0, 0, 0, 0, 0, 0, 0, 0, 0, 0, 0, 0, 0, 0, 2, 0, 0, 0, 0, 0, 0, 0, 0, 0, 0, 0, 0, 0, 0, NULL, 4, '159.192.115.99', 'Mozilla/5.0 (Windows NT 10.0; Win64; x64) AppleWebKit/537.36 (KHTML, like Gecko) Chrome/138.0.0.0 Safari/537.36 Edg/138.0.0.0', '2025-07-28 10:33:22'),
(143, 220, 'add', '2025-07-28', 0, 0, 0, 0, 0, 0, 0, 0, 0, 0, 0, 0, 0, 0, 0, 24, 0, 0, 0, 0, 0, 0, 0, 0, 0, 0, 0, 0, 0, 0, 24, 0, 0, 0, 0, 0, 0, 0, 0, 0, 0, 0, 0, 0, 0, NULL, 4, '101.108.211.110', 'Mozilla/5.0 (Windows NT 10.0; Win64; x64) AppleWebKit/537.36 (KHTML, like Gecko) Chrome/138.0.0.0 Safari/537.36 Edg/138.0.0.0', '2025-07-28 10:33:33'),
(144, 223, 'add', '2025-07-28', 0, 0, 0, 0, 0, 0, 0, 0, 0, 0, 0, 0, 0, 0, 0, 10, 0, 0, 0, 0, 0, 0, 0, 0, 0, 0, 0, 0, 0, 0, 10, 0, 0, 0, 0, 0, 0, 0, 0, 0, 0, 0, 0, 0, 0, NULL, 4, '159.192.115.99', 'Mozilla/5.0 (Windows NT 10.0; Win64; x64) AppleWebKit/537.36 (KHTML, like Gecko) Chrome/138.0.0.0 Safari/537.36 Edg/138.0.0.0', '2025-07-28 10:36:44'),
(145, 224, 'add', '2025-07-28', 0, 0, 0, 0, 0, 0, 0, 0, 0, 0, 0, 0, 0, 0, 0, 4, 0, 0, 0, 0, 0, 0, 0, 0, 0, 0, 0, 0, 0, 0, 4, 0, 0, 0, 0, 0, 0, 0, 0, 0, 0, 0, 0, 0, 0, NULL, 4, '159.192.115.99', 'Mozilla/5.0 (Windows NT 10.0; Win64; x64) AppleWebKit/537.36 (KHTML, like Gecko) Chrome/138.0.0.0 Safari/537.36 Edg/138.0.0.0', '2025-07-28 10:38:09'),
(146, 227, 'add', '2025-07-28', 0, 0, 0, 0, 0, 0, 0, 0, 0, 0, 0, 0, 0, 0, 0, 300, 0, 0, 0, 0, 0, 0, 0, 0, 0, 0, 0, 0, 0, 0, 300, 0, 0, 0, 0, 0, 0, 0, 0, 0, 0, 0, 0, 0, 0, NULL, 4, '159.192.115.99', 'Mozilla/5.0 (Windows NT 10.0; Win64; x64) AppleWebKit/537.36 (KHTML, like Gecko) Chrome/138.0.0.0 Safari/537.36 Edg/138.0.0.0', '2025-07-28 10:56:39'),
(147, 231, 'add', '2025-07-28', 0, 0, 0, 0, 0, 0, 0, 0, 0, 0, 0, 0, 0, 0, 0, 180, 0, 0, 0, 0, 0, 0, 0, 0, 0, 0, 0, 0, 0, 0, 180, 0, 0, 0, 0, 0, 0, 0, 0, 0, 0, 0, 0, 0, 0, NULL, 4, '159.192.115.99', 'Mozilla/5.0 (Windows NT 10.0; Win64; x64) AppleWebKit/537.36 (KHTML, like Gecko) Chrome/138.0.0.0 Safari/537.36 Edg/138.0.0.0', '2025-07-28 10:58:05'),
(148, 232, 'add', '2025-07-28', 0, 0, 0, 0, 0, 0, 0, 0, 0, 0, 0, 0, 0, 0, 0, 15, 0, 0, 0, 0, 0, 0, 0, 0, 0, 0, 0, 0, 0, 0, 15, 0, 0, 0, 0, 0, 0, 0, 0, 0, 0, 0, 0, 0, 0, NULL, 4, '159.192.115.99', 'Mozilla/5.0 (Windows NT 10.0; Win64; x64) AppleWebKit/537.36 (KHTML, like Gecko) Chrome/138.0.0.0 Safari/537.36 Edg/138.0.0.0', '2025-07-28 10:59:08');
INSERT INTO `hospital_update_logs` (`id`, `shelter_id`, `operation_type`, `report_date`, `old_total_patients`, `old_male_patients`, `old_female_patients`, `old_pregnant_women`, `old_disabled_patients`, `old_bedridden_patients`, `old_elderly_patients`, `old_child_patients`, `old_chronic_disease_patients`, `old_diabetes_patients`, `old_hypertension_patients`, `old_heart_disease_patients`, `old_mental_health_patients`, `old_kidney_disease_patients`, `old_other_monitored_diseases`, `change_total_patients`, `change_male_patients`, `change_female_patients`, `change_pregnant_women`, `change_disabled_patients`, `change_bedridden_patients`, `change_elderly_patients`, `change_child_patients`, `change_chronic_disease_patients`, `change_diabetes_patients`, `change_hypertension_patients`, `change_heart_disease_patients`, `change_mental_health_patients`, `change_kidney_disease_patients`, `change_other_monitored_diseases`, `new_total_patients`, `new_male_patients`, `new_female_patients`, `new_pregnant_women`, `new_disabled_patients`, `new_bedridden_patients`, `new_elderly_patients`, `new_child_patients`, `new_chronic_disease_patients`, `new_diabetes_patients`, `new_hypertension_patients`, `new_heart_disease_patients`, `new_mental_health_patients`, `new_kidney_disease_patients`, `new_other_monitored_diseases`, `notes`, `user_id`, `ip_address`, `user_agent`, `created_at`) VALUES
(149, 233, 'add', '2025-07-28', 0, 0, 0, 0, 0, 0, 0, 0, 0, 0, 0, 0, 0, 0, 0, 3, 0, 0, 0, 0, 0, 0, 0, 0, 0, 0, 0, 0, 0, 0, 3, 0, 0, 0, 0, 0, 0, 0, 0, 0, 0, 0, 0, 0, 0, NULL, 4, '159.192.115.99', 'Mozilla/5.0 (Windows NT 10.0; Win64; x64) AppleWebKit/537.36 (KHTML, like Gecko) Chrome/138.0.0.0 Safari/537.36 Edg/138.0.0.0', '2025-07-28 10:59:41'),
(150, 234, 'add', '2025-07-28', 0, 0, 0, 0, 0, 0, 0, 0, 0, 0, 0, 0, 0, 0, 0, 55, 0, 0, 0, 0, 0, 0, 0, 0, 0, 0, 0, 0, 0, 0, 55, 0, 0, 0, 0, 0, 0, 0, 0, 0, 0, 0, 0, 0, 0, NULL, 4, '159.192.115.99', 'Mozilla/5.0 (Windows NT 10.0; Win64; x64) AppleWebKit/537.36 (KHTML, like Gecko) Chrome/138.0.0.0 Safari/537.36 Edg/138.0.0.0', '2025-07-28 11:00:08'),
(151, 235, 'add', '2025-07-28', 0, 0, 0, 0, 0, 0, 0, 0, 0, 0, 0, 0, 0, 0, 0, 9, 0, 0, 0, 0, 0, 0, 0, 0, 0, 0, 0, 0, 0, 0, 9, 0, 0, 0, 0, 0, 0, 0, 0, 0, 0, 0, 0, 0, 0, NULL, 4, '159.192.115.99', 'Mozilla/5.0 (Windows NT 10.0; Win64; x64) AppleWebKit/537.36 (KHTML, like Gecko) Chrome/138.0.0.0 Safari/537.36 Edg/138.0.0.0', '2025-07-28 11:00:33'),
(152, 236, 'add', '2025-07-28', 0, 0, 0, 0, 0, 0, 0, 0, 0, 0, 0, 0, 0, 0, 0, 12, 0, 0, 0, 0, 0, 0, 0, 0, 0, 0, 0, 0, 0, 0, 12, 0, 0, 0, 0, 0, 0, 0, 0, 0, 0, 0, 0, 0, 0, NULL, 4, '159.192.115.99', 'Mozilla/5.0 (Windows NT 10.0; Win64; x64) AppleWebKit/537.36 (KHTML, like Gecko) Chrome/138.0.0.0 Safari/537.36 Edg/138.0.0.0', '2025-07-28 11:01:06'),
(153, 240, 'add', '2025-07-28', 0, 0, 0, 0, 0, 0, 0, 0, 0, 0, 0, 0, 0, 0, 0, 342, 0, 0, 0, 0, 0, 0, 0, 0, 0, 0, 0, 0, 0, 0, 342, 0, 0, 0, 0, 0, 0, 0, 0, 0, 0, 0, 0, 0, 0, NULL, 4, '159.192.115.99', 'Mozilla/5.0 (Windows NT 10.0; Win64; x64) AppleWebKit/537.36 (KHTML, like Gecko) Chrome/138.0.0.0 Safari/537.36 Edg/138.0.0.0', '2025-07-28 11:03:41'),
(154, 242, 'add', '2025-07-28', 0, 0, 0, 0, 0, 0, 0, 0, 0, 0, 0, 0, 0, 0, 0, 50, 0, 0, 0, 0, 0, 0, 0, 0, 0, 0, 0, 0, 0, 0, 50, 0, 0, 0, 0, 0, 0, 0, 0, 0, 0, 0, 0, 0, 0, NULL, 4, '159.192.115.99', 'Mozilla/5.0 (Windows NT 10.0; Win64; x64) AppleWebKit/537.36 (KHTML, like Gecko) Chrome/138.0.0.0 Safari/537.36 Edg/138.0.0.0', '2025-07-28 11:04:17'),
(155, 243, 'add', '2025-07-28', 0, 0, 0, 0, 0, 0, 0, 0, 0, 0, 0, 0, 0, 0, 0, 30, 0, 0, 0, 0, 0, 0, 0, 0, 0, 0, 0, 0, 0, 0, 30, 0, 0, 0, 0, 0, 0, 0, 0, 0, 0, 0, 0, 0, 0, NULL, 4, '159.192.115.99', 'Mozilla/5.0 (Windows NT 10.0; Win64; x64) AppleWebKit/537.36 (KHTML, like Gecko) Chrome/138.0.0.0 Safari/537.36 Edg/138.0.0.0', '2025-07-28 11:05:31'),
(156, 244, 'add', '2025-07-28', 0, 0, 0, 0, 0, 0, 0, 0, 0, 0, 0, 0, 0, 0, 0, 132, 0, 0, 0, 0, 0, 0, 0, 0, 0, 0, 0, 0, 0, 0, 132, 0, 0, 0, 0, 0, 0, 0, 0, 0, 0, 0, 0, 0, 0, NULL, 4, '159.192.115.99', 'Mozilla/5.0 (Windows NT 10.0; Win64; x64) AppleWebKit/537.36 (KHTML, like Gecko) Chrome/138.0.0.0 Safari/537.36 Edg/138.0.0.0', '2025-07-28 11:06:53'),
(157, 248, 'add', '2025-07-28', 0, 0, 0, 0, 0, 0, 0, 0, 0, 0, 0, 0, 0, 0, 0, 218, 0, 0, 0, 0, 0, 0, 0, 0, 0, 0, 0, 0, 0, 0, 218, 0, 0, 0, 0, 0, 0, 0, 0, 0, 0, 0, 0, 0, 0, NULL, 4, '159.192.115.99', 'Mozilla/5.0 (Windows NT 10.0; Win64; x64) AppleWebKit/537.36 (KHTML, like Gecko) Chrome/138.0.0.0 Safari/537.36 Edg/138.0.0.0', '2025-07-28 11:10:35'),
(158, 72, 'add', '2025-07-28', 340, 0, 0, 0, 0, 0, 0, 0, 0, 0, 0, 0, 0, 0, 0, 60, 0, 0, 0, 0, 0, 0, 0, 0, 0, 0, 0, 0, 0, 0, 400, 0, 0, 0, 0, 0, 0, 0, 0, 0, 0, 0, 0, 0, 0, NULL, 4, '101.108.211.110', 'Mozilla/5.0 (Windows NT 10.0; Win64; x64) AppleWebKit/537.36 (KHTML, like Gecko) Chrome/138.0.0.0 Safari/537.36 Edg/138.0.0.0', '2025-07-28 11:11:11'),
(159, 246, 'add', '2025-07-28', 0, 0, 0, 0, 0, 0, 0, 0, 0, 0, 0, 0, 0, 0, 0, 78, 0, 0, 0, 0, 0, 0, 0, 0, 0, 0, 0, 0, 0, 0, 78, 0, 0, 0, 0, 0, 0, 0, 0, 0, 0, 0, 0, 0, 0, NULL, 4, '159.192.115.99', 'Mozilla/5.0 (Windows NT 10.0; Win64; x64) AppleWebKit/537.36 (KHTML, like Gecko) Chrome/138.0.0.0 Safari/537.36 Edg/138.0.0.0', '2025-07-28 11:12:10'),
(160, 15, 'add', '2025-07-28', 0, 0, 0, 0, 0, 0, 0, 0, 0, 0, 0, 0, 0, 0, 0, 422, 0, 0, 0, 0, 0, 0, 0, 0, 0, 0, 0, 0, 0, 0, 422, 0, 0, 0, 0, 0, 0, 0, 0, 0, 0, 0, 0, 0, 0, NULL, 2, '1.1.230.32', 'Mozilla/5.0 (Windows NT 10.0; Win64; x64) AppleWebKit/537.36 (KHTML, like Gecko) Chrome/138.0.0.0 Safari/537.36', '2025-07-28 11:32:46'),
(161, 15, 'add', '2025-07-28', 422, 0, 0, 0, 0, 0, 0, 0, 0, 0, 0, 0, 0, 0, 0, 0, 0, 0, 0, 0, 0, 0, 0, 0, 0, 0, 0, 0, 0, 0, 422, 0, 0, 0, 0, 0, 0, 0, 0, 0, 0, 0, 0, 0, 0, NULL, 2, '1.1.230.32', 'Mozilla/5.0 (Windows NT 10.0; Win64; x64) AppleWebKit/537.36 (KHTML, like Gecko) Chrome/138.0.0.0 Safari/537.36', '2025-07-28 11:33:21'),
(162, 249, 'add', '2025-07-28', 0, 0, 0, 0, 0, 0, 0, 0, 0, 0, 0, 0, 0, 0, 0, 180, 0, 0, 0, 0, 0, 0, 0, 0, 0, 0, 0, 0, 0, 0, 180, 0, 0, 0, 0, 0, 0, 0, 0, 0, 0, 0, 0, 0, 0, NULL, 4, '159.192.115.99', 'Mozilla/5.0 (Windows NT 10.0; Win64; x64) AppleWebKit/537.36 (KHTML, like Gecko) Chrome/138.0.0.0 Safari/537.36 Edg/138.0.0.0', '2025-07-28 12:00:00'),
(163, 250, 'add', '2025-07-28', 0, 0, 0, 0, 0, 0, 0, 0, 0, 0, 0, 0, 0, 0, 0, 100, 0, 0, 0, 0, 0, 0, 0, 0, 0, 0, 0, 0, 0, 0, 100, 0, 0, 0, 0, 0, 0, 0, 0, 0, 0, 0, 0, 0, 0, NULL, 4, '159.192.115.99', 'Mozilla/5.0 (Windows NT 10.0; Win64; x64) AppleWebKit/537.36 (KHTML, like Gecko) Chrome/138.0.0.0 Safari/537.36 Edg/138.0.0.0', '2025-07-28 12:00:41'),
(164, 251, 'add', '2025-07-28', 0, 0, 0, 0, 0, 0, 0, 0, 0, 0, 0, 0, 0, 0, 0, 20, 0, 0, 0, 0, 0, 0, 0, 0, 0, 0, 0, 0, 0, 0, 20, 0, 0, 0, 0, 0, 0, 0, 0, 0, 0, 0, 0, 0, 0, NULL, 4, '159.192.115.99', 'Mozilla/5.0 (Windows NT 10.0; Win64; x64) AppleWebKit/537.36 (KHTML, like Gecko) Chrome/138.0.0.0 Safari/537.36 Edg/138.0.0.0', '2025-07-28 12:01:22'),
(165, 252, 'add', '2025-07-28', 0, 0, 0, 0, 0, 0, 0, 0, 0, 0, 0, 0, 0, 0, 0, 15, 0, 0, 0, 0, 0, 0, 0, 0, 0, 0, 0, 0, 0, 0, 15, 0, 0, 0, 0, 0, 0, 0, 0, 0, 0, 0, 0, 0, 0, NULL, 4, '159.192.115.99', 'Mozilla/5.0 (Windows NT 10.0; Win64; x64) AppleWebKit/537.36 (KHTML, like Gecko) Chrome/138.0.0.0 Safari/537.36 Edg/138.0.0.0', '2025-07-28 12:02:41'),
(166, 14, 'add', '2025-07-28', 0, 0, 0, 0, 0, 0, 0, 0, 0, 0, 0, 0, 0, 0, 0, 326, 0, 0, 0, 0, 0, 0, 0, 0, 0, 0, 0, 0, 0, 0, 326, 0, 0, 0, 0, 0, 0, 0, 0, 0, 0, 0, 0, 0, 0, NULL, 4, '101.108.211.110', 'Mozilla/5.0 (Windows NT 10.0; Win64; x64) AppleWebKit/537.36 (KHTML, like Gecko) Chrome/138.0.0.0 Safari/537.36 Edg/138.0.0.0', '2025-07-28 12:11:50'),
(167, 15, 'add', '2025-07-28', 422, 0, 0, 0, 0, 0, 0, 0, 0, 0, 0, 0, 0, 0, 0, 351, 0, 0, 0, 0, 0, 0, 0, 0, 0, 0, 0, 0, 0, 0, 773, 0, 0, 0, 0, 0, 0, 0, 0, 0, 0, 0, 0, 0, 0, NULL, 4, '101.108.211.110', 'Mozilla/5.0 (Windows NT 10.0; Win64; x64) AppleWebKit/537.36 (KHTML, like Gecko) Chrome/138.0.0.0 Safari/537.36 Edg/138.0.0.0', '2025-07-28 12:12:56'),
(168, 16, 'add', '2025-07-28', 0, 0, 0, 0, 0, 0, 0, 0, 0, 0, 0, 0, 0, 0, 0, 367, 0, 0, 0, 0, 0, 0, 0, 0, 0, 0, 0, 0, 0, 0, 367, 0, 0, 0, 0, 0, 0, 0, 0, 0, 0, 0, 0, 0, 0, NULL, 4, '101.108.211.110', 'Mozilla/5.0 (Windows NT 10.0; Win64; x64) AppleWebKit/537.36 (KHTML, like Gecko) Chrome/138.0.0.0 Safari/537.36 Edg/138.0.0.0', '2025-07-28 12:13:13'),
(169, 17, 'add', '2025-07-28', 0, 0, 0, 0, 0, 0, 0, 0, 0, 0, 0, 0, 0, 0, 0, 355, 0, 0, 0, 0, 0, 0, 0, 0, 0, 0, 0, 0, 0, 0, 355, 0, 0, 0, 0, 0, 0, 0, 0, 0, 0, 0, 0, 0, 0, NULL, 4, '101.108.211.110', 'Mozilla/5.0 (Windows NT 10.0; Win64; x64) AppleWebKit/537.36 (KHTML, like Gecko) Chrome/138.0.0.0 Safari/537.36 Edg/138.0.0.0', '2025-07-28 12:13:36'),
(170, 18, 'add', '2025-07-28', 0, 0, 0, 0, 0, 0, 0, 0, 0, 0, 0, 0, 0, 0, 0, 563, 0, 0, 0, 0, 0, 0, 0, 0, 0, 0, 0, 0, 0, 0, 563, 0, 0, 0, 0, 0, 0, 0, 0, 0, 0, 0, 0, 0, 0, NULL, 4, '101.108.211.110', 'Mozilla/5.0 (Windows NT 10.0; Win64; x64) AppleWebKit/537.36 (KHTML, like Gecko) Chrome/138.0.0.0 Safari/537.36 Edg/138.0.0.0', '2025-07-28 12:13:51'),
(171, 19, 'add', '2025-07-28', 0, 0, 0, 0, 0, 0, 0, 0, 0, 0, 0, 0, 0, 0, 0, 619, 0, 0, 0, 0, 0, 0, 0, 0, 0, 0, 0, 0, 0, 0, 619, 0, 0, 0, 0, 0, 0, 0, 0, 0, 0, 0, 0, 0, 0, NULL, 4, '101.108.211.110', 'Mozilla/5.0 (Windows NT 10.0; Win64; x64) AppleWebKit/537.36 (KHTML, like Gecko) Chrome/138.0.0.0 Safari/537.36 Edg/138.0.0.0', '2025-07-28 12:15:35'),
(172, 20, 'add', '2025-07-28', 0, 0, 0, 0, 0, 0, 0, 0, 0, 0, 0, 0, 0, 0, 0, 765, 0, 0, 0, 0, 0, 0, 0, 0, 0, 0, 0, 0, 0, 0, 765, 0, 0, 0, 0, 0, 0, 0, 0, 0, 0, 0, 0, 0, 0, NULL, 4, '101.108.211.110', 'Mozilla/5.0 (Windows NT 10.0; Win64; x64) AppleWebKit/537.36 (KHTML, like Gecko) Chrome/138.0.0.0 Safari/537.36 Edg/138.0.0.0', '2025-07-28 12:16:11'),
(173, 21, 'add', '2025-07-28', 0, 0, 0, 0, 0, 0, 0, 0, 0, 0, 0, 0, 0, 0, 0, 396, 0, 0, 0, 0, 0, 0, 0, 0, 0, 0, 0, 0, 0, 0, 396, 0, 0, 0, 0, 0, 0, 0, 0, 0, 0, 0, 0, 0, 0, NULL, 4, '101.108.211.110', 'Mozilla/5.0 (Windows NT 10.0; Win64; x64) AppleWebKit/537.36 (KHTML, like Gecko) Chrome/138.0.0.0 Safari/537.36 Edg/138.0.0.0', '2025-07-28 12:16:32'),
(174, 24, 'add', '2025-07-28', 0, 0, 0, 0, 0, 0, 0, 0, 0, 0, 0, 0, 0, 0, 0, 152, 0, 0, 0, 0, 0, 0, 0, 0, 0, 0, 0, 0, 0, 0, 152, 0, 0, 0, 0, 0, 0, 0, 0, 0, 0, 0, 0, 0, 0, NULL, 4, '101.108.211.110', 'Mozilla/5.0 (Windows NT 10.0; Win64; x64) AppleWebKit/537.36 (KHTML, like Gecko) Chrome/138.0.0.0 Safari/537.36 Edg/138.0.0.0', '2025-07-28 12:17:51'),
(175, 22, 'add', '2025-07-28', 0, 0, 0, 0, 0, 0, 0, 0, 0, 0, 0, 0, 0, 0, 0, 508, 0, 0, 0, 0, 0, 0, 0, 0, 0, 0, 0, 0, 0, 0, 508, 0, 0, 0, 0, 0, 0, 0, 0, 0, 0, 0, 0, 0, 0, NULL, 4, '101.108.211.110', 'Mozilla/5.0 (Windows NT 10.0; Win64; x64) AppleWebKit/537.36 (KHTML, like Gecko) Chrome/138.0.0.0 Safari/537.36 Edg/138.0.0.0', '2025-07-28 12:18:52'),
(176, 23, 'add', '2025-07-28', 0, 0, 0, 0, 0, 0, 0, 0, 0, 0, 0, 0, 0, 0, 0, 352, 0, 0, 0, 0, 0, 0, 0, 0, 0, 0, 0, 0, 0, 0, 352, 0, 0, 0, 0, 0, 0, 0, 0, 0, 0, 0, 0, 0, 0, NULL, 4, '101.108.211.110', 'Mozilla/5.0 (Windows NT 10.0; Win64; x64) AppleWebKit/537.36 (KHTML, like Gecko) Chrome/138.0.0.0 Safari/537.36 Edg/138.0.0.0', '2025-07-28 12:19:27'),
(177, 25, 'add', '2025-07-28', 0, 0, 0, 0, 0, 0, 0, 0, 0, 0, 0, 0, 0, 0, 0, 545, 0, 0, 0, 0, 0, 0, 0, 0, 0, 0, 0, 0, 0, 0, 545, 0, 0, 0, 0, 0, 0, 0, 0, 0, 0, 0, 0, 0, 0, NULL, 4, '101.108.211.110', 'Mozilla/5.0 (Windows NT 10.0; Win64; x64) AppleWebKit/537.36 (KHTML, like Gecko) Chrome/138.0.0.0 Safari/537.36 Edg/138.0.0.0', '2025-07-28 12:21:07'),
(180, 254, 'add', '2025-07-29', 0, 0, 0, 0, 0, 0, 0, 0, 0, 0, 0, 0, 0, 0, 0, 0, 0, 0, 0, 0, 0, 0, 0, 0, 0, 0, 0, 0, 0, 0, 0, 0, 0, 0, 0, 0, 0, 0, 0, 0, 0, 0, 0, 0, 0, NULL, 34, '49.237.32.224', 'Mozilla/5.0 (Windows NT 10.0; Win64; x64) AppleWebKit/537.36 (KHTML, like Gecko) Chrome/138.0.0.0 Safari/537.36 Edg/138.0.0.0', '2025-07-29 08:14:05'),
(181, 6, 'add', '2025-07-29', 0, 0, 0, 0, 0, 0, 0, 0, 0, 0, 0, 0, 0, 0, 0, 25, 11, 14, 0, 0, 0, 1, 13, 5, 1, 3, 0, 0, 0, 0, 25, 11, 14, 0, 0, 0, 1, 13, 5, 1, 3, 0, 0, 0, 0, NULL, 38, '183.88.236.180', 'Mozilla/5.0 (Windows NT 10.0; Win64; x64) AppleWebKit/537.36 (KHTML, like Gecko) Chrome/138.0.0.0 Safari/537.36', '2025-07-29 08:31:20'),
(182, 57, 'add', '2025-07-29', 0, 0, 0, 0, 0, 0, 0, 0, 0, 0, 0, 0, 0, 0, 0, 781, 298, 483, 2, 3, 2, 141, 53, 53, 0, 0, 0, 4, 0, 0, 781, 298, 483, 2, 3, 2, 141, 53, 53, 0, 0, 0, 4, 0, 0, NULL, 42, '1.20.181.122', 'Mozilla/5.0 (iPad; CPU OS 18_5 like Mac OS X) AppleWebKit/605.1.15 (KHTML, like Gecko) Mobile/15E148 Safari Line/15.11.0', '2025-07-29 08:51:48'),
(183, 64, 'add', '2025-07-29', 0, 0, 0, 0, 0, 0, 0, 0, 0, 0, 0, 0, 0, 0, 0, 287, 114, 173, 0, 0, 2, 36, 10, 16, 0, 0, 0, 1, 0, 0, 287, 114, 173, 0, 0, 2, 36, 10, 16, 0, 0, 0, 1, 0, 0, NULL, 42, '1.20.181.122', 'Mozilla/5.0 (iPad; CPU OS 18_5 like Mac OS X) AppleWebKit/605.1.15 (KHTML, like Gecko) Mobile/15E148 Safari Line/15.11.0', '2025-07-29 08:53:28'),
(184, 121, 'add', '2025-07-29', 0, 0, 0, 0, 0, 0, 0, 0, 0, 0, 0, 0, 0, 0, 0, 38, 17, 21, 0, 0, 0, 8, 7, 6, 2, 2, 2, 0, 0, 0, 387, 17, 21, 0, 0, 0, 8, 7, 6, 2, 2, 2, 0, 0, 0, NULL, 1, '183.89.208.100', 'Mozilla/5.0 (Windows NT 10.0; Win64; x64) AppleWebKit/537.36 (KHTML, like Gecko) Chrome/138.0.0.0 Safari/537.36', '2025-07-29 09:10:59'),
(185, 39, 'add', '2025-07-29', 0, 0, 0, 0, 0, 0, 0, 0, 0, 0, 0, 0, 0, 0, 0, 152, 0, 0, 0, 0, 0, 0, 0, 0, 2, 5, 1, 0, 0, 0, 152, 0, 0, 0, 0, 0, 0, 0, 0, 2, 5, 1, 0, 0, 0, NULL, 9, '183.88.241.120', 'Mozilla/5.0 (Windows NT 10.0; Win64; x64) AppleWebKit/537.36 (KHTML, like Gecko) Chrome/138.0.0.0 Safari/537.36 Edg/138.0.0.0', '2025-07-29 09:31:47'),
(186, 180, 'add', '2025-07-29', 0, 0, 0, 0, 0, 0, 0, 0, 0, 0, 0, 0, 0, 0, 0, 89, 38, 51, 0, 3, 3, 32, 6, 1, 4, 5, 0, 1, 0, 0, 97, 38, 51, 0, 3, 3, 32, 6, 1, 4, 5, 0, 1, 0, 0, NULL, 32, '182.53.218.214', 'Mozilla/5.0 (Windows NT 10.0; Win64; x64) AppleWebKit/537.36 (KHTML, like Gecko) Chrome/138.0.0.0 Safari/537.36', '2025-07-29 09:33:50'),
(187, 180, 'add', '2025-07-29', 97, 38, 51, 0, 3, 3, 32, 6, 1, 4, 5, 0, 1, 0, 0, 0, 0, 0, 0, 0, 0, 0, 0, 0, 0, 0, 0, 0, 0, 0, 97, 38, 51, 0, 3, 3, 32, 6, 1, 4, 5, 0, 1, 0, 0, NULL, 32, '182.53.218.214', 'Mozilla/5.0 (Windows NT 10.0; Win64; x64) AppleWebKit/537.36 (KHTML, like Gecko) Chrome/138.0.0.0 Safari/537.36', '2025-07-29 09:34:20'),
(188, 254, 'add', '2025-07-29', 0, 0, 0, 0, 0, 0, 0, 0, 0, 0, 0, 0, 0, 0, 0, 364, 165, 199, 0, 5, 3, 96, 75, 45, 26, 15, 3, 0, 0, 1, 364, 165, 199, 0, 5, 3, 96, 75, 45, 26, 15, 3, 0, 0, 1, NULL, 8, '182.232.79.116', 'Mozilla/5.0 (Windows NT 10.0; Win64; x64) AppleWebKit/537.36 (KHTML, like Gecko) Chrome/138.0.0.0 Safari/537.36 Edg/138.0.0.0', '2025-07-29 09:35:26'),
(189, 120, 'subtract', '2025-07-29', 0, 0, 0, 0, 0, 0, 0, 0, 0, 0, 0, 0, 0, 0, 0, 2, 0, 0, 0, 0, 0, 0, 0, 0, 0, 0, 0, 0, 0, 0, 102, 0, 0, 0, 0, 0, 0, 0, 0, 0, 0, 0, 0, 0, 0, NULL, 22, '183.89.208.100', 'Mozilla/5.0 (Windows NT 10.0; Win64; x64) AppleWebKit/537.36 (KHTML, like Gecko) Chrome/138.0.0.0 Safari/537.36', '2025-07-29 10:13:13');

-- --------------------------------------------------------

--
-- Table structure for table `occupant_update_logs`
--

CREATE TABLE `occupant_update_logs` (
  `log_id` int(11) NOT NULL,
  `shelter_id` int(11) NOT NULL,
  `user_id` int(11) DEFAULT NULL,
  `log_timestamp` timestamp NOT NULL DEFAULT current_timestamp(),
  `operation_type` enum('add','subtract') NOT NULL,
  `total_change` int(11) DEFAULT 0,
  `male_change` int(11) DEFAULT 0,
  `female_change` int(11) DEFAULT 0,
  `pregnant_change` int(11) DEFAULT 0,
  `disabled_change` int(11) DEFAULT 0,
  `bedridden_change` int(11) DEFAULT 0,
  `elderly_change` int(11) DEFAULT 0,
  `child_change` int(11) DEFAULT 0,
  `chronic_disease_change` int(11) DEFAULT 0,
  `diabetes_change` int(11) DEFAULT 0,
  `hypertension_change` int(11) DEFAULT 0,
  `heart_disease_change` int(11) DEFAULT 0,
  `mental_health_change` int(11) DEFAULT 0,
  `kidney_disease_change` int(11) DEFAULT 0,
  `other_monitored_diseases_change` int(11) DEFAULT 0
) ENGINE=InnoDB DEFAULT CHARSET=utf8mb4 COLLATE=utf8mb4_unicode_ci;

-- --------------------------------------------------------

--
-- Table structure for table `settings`
--

CREATE TABLE `settings` (
  `setting_key` varchar(100) NOT NULL,
  `setting_value` text NOT NULL,
  `active` tinyint(1) NOT NULL DEFAULT 1
) ENGINE=InnoDB DEFAULT CHARSET=utf8mb4 COLLATE=utf8mb4_unicode_ci;

--
-- Dumping data for table `settings`
--

INSERT INTO `settings` (`setting_key`, `setting_value`, `active`) VALUES
('menu_dashboard', '1', 1),
('menu_settings', '1', 1),
('menu_shelters', '1', 1),
('menu_users', '1', 1),
('system_status', '1', 1);

-- --------------------------------------------------------

--
-- Table structure for table `shelters`
--

CREATE TABLE `shelters` (
  `id` int(11) NOT NULL,
  `name` varchar(255) NOT NULL,
  `type` varchar(100) NOT NULL,
  `capacity` int(11) DEFAULT 0,
  `current_occupancy` int(11) DEFAULT 0,
  `coordinator` varchar(255) DEFAULT NULL,
  `phone` varchar(50) DEFAULT NULL,
  `amphoe` varchar(100) DEFAULT NULL,
  `tambon` varchar(100) DEFAULT NULL,
  `latitude` varchar(50) DEFAULT NULL,
  `longitude` varchar(50) DEFAULT NULL,
  `created_at` timestamp NOT NULL DEFAULT current_timestamp(),
  `requires_detailed_report` tinyint(1) DEFAULT 0
) ENGINE=InnoDB DEFAULT CHARSET=utf8mb4 COLLATE=utf8mb4_unicode_ci;

--
-- Dumping data for table `shelters`
--

INSERT INTO `shelters` (`id`, `name`, `type`, `capacity`, `current_occupancy`, `coordinator`, `phone`, `amphoe`, `tambon`, `latitude`, `longitude`, `created_at`, `requires_detailed_report`) VALUES
(3, ' .', '', 80, 0, '', '098-5925499', '', '', '', '', '2025-07-27 08:50:05', 0),
(4, '', '', 300, 0, '', '', '', '', '', '', '2025-07-27 08:51:49', 0),
(5, '', '', 600, 0, '', '', '', '', '', '', '2025-07-27 08:52:38', 0),
(6, '', '', 200, 25, '  ', '0641625090', '', '', '', '', '2025-07-27 08:54:33', 0),
(7, ' .', '', 80, 0, '', '085-0557529', '', '', '', '', '2025-07-27 08:57:05', 0),
(8, ' .', '', 80, 0, '', '061-2767533', '', '', '', '', '2025-07-27 08:57:29', 0),
(9, ' .', '', 80, 0, '', '0897174279', '', '', '', '', '2025-07-27 09:08:37', 0),
(10, '', '', 0, 0, '', '', '', '', '', '', '2025-07-27 09:09:13', 0),
(11, '', '', 0, 0, '', '', '', '', '', '', '2025-07-27 09:12:45', 0),
(12, '', '', 0, 0, ' ', '0645568573', '', '', '', '', '2025-07-27 09:13:49', 0),
(13, ' .8 .', '', 0, 0, '', '', '', '', '', '', '2025-07-27 09:14:30', 0),
(14, ' .', '', 0, 326, '', '', '', '', '', '', '2025-07-27 09:17:01', 0),
(15, '', '', 0, 773, '', '', '', '', '', '', '2025-07-27 09:17:29', 0),
(16, '', '', 0, 367, '', '', '', '', '', '', '2025-07-27 09:18:10', 0),
(17, '', '', 0, 355, '', '', '', '', '', '', '2025-07-27 09:19:11', 0),
(18, '', '', 0, 563, '', '', '', '', '', '', '2025-07-27 09:19:55', 0),
(19, '', '', 0, 619, '', '', '', '', '', '', '2025-07-27 09:21:26', 0),
(20, '', '', 0, 765, '', '', '', '', '', '', '2025-07-27 09:22:15', 0),
(21, '', '', 0, 396, '', '', '', '', '', '', '2025-07-27 09:22:50', 0),
(22, '', '', 0, 508, '', '', '', '', '', '', '2025-07-27 09:23:13', 0),
(23, '', '', 0, 352, '', '', '', '', '', '', '2025-07-27 09:26:48', 0),
(24, '', '', 0, 152, '', '', '', '', '', '', '2025-07-27 09:27:19', 0),
(25, '', '', 0, 545, '', '', '', '', '', '', '2025-07-27 09:28:15', 0),
(26, ' .', '', 0, 0, '', '', '', '', '', '', '2025-07-27 09:29:01', 0),
(27, '. ', '', 0, 0, '', '', '', '', '', '', '2025-07-27 09:29:40', 0),
(28, ' .', '', 0, 0, '', '', '', '', '', '', '2025-07-27 09:32:17', 0),
(29, ' .', '', 0, 0, '', '', '', '', '', '', '2025-07-27 09:33:06', 0),
(30, '. .', '', 0, 0, '', '', '', '', '', '', '2025-07-27 09:34:09', 0),
(31, ' .', '', 0, 0, '', '', '', '', '', '', '2025-07-27 09:34:35', 0),
(32, '. .', '', 0, 0, '', '', '', '', '', '', '2025-07-27 09:35:28', 0),
(33, ' .', '', 0, 0, '', '', '', '', '', '', '2025-07-27 09:37:04', 0),
(34, ' .', '', 0, 0, '', '', '', '', '', '', '2025-07-27 09:38:10', 0),
(35, ' () .', '', 0, 0, '', '', '', '', '', '', '2025-07-27 09:38:41', 0),
(36, '.() .', '', 0, 0, '', '', '', '', '', '', '2025-07-27 09:39:09', 0),
(37, '. .', '', 0, 0, '', '', '', '', '', '', '2025-07-27 09:40:13', 0),
(38, ' .', '', 0, 0, '', '', '', '', '', '', '2025-07-27 09:40:38', 0),
(39, '', '', 500, 152, '  ', '0853024480', '', '', '', '', '2025-07-27 09:42:24', 0),
(40, '', '', 0, 0, '', '', '', '', '', '', '2025-07-27 09:42:53', 0),
(41, '', '', 0, 0, '', '', '', '', '', '', '2025-07-27 09:43:49', 0),
(42, '', '', 0, 0, '', '', '', '', '', '', '2025-07-27 09:44:45', 0),
(43, '', '', 0, 0, '', '', '', '', '', '', '2025-07-27 09:45:20', 0),
(44, '', '', 0, 0, '', '', '', '', '', '', '2025-07-27 09:48:38', 0),
(46, '', '', 0, 0, '', '', '', '', '', '', '2025-07-27 09:54:41', 0),
(47, '', '', 0, 0, '', '', '', '', '', '', '2025-07-27 09:55:46', 0),
(48, '', '', 0, 0, '', '', '', '', '', '', '2025-07-27 09:56:31', 0),
(49, '', '', 0, 0, '', '', '', '', '', '', '2025-07-27 09:57:00', 0),
(50, '', '', 0, 0, '', '', '', '', '', '', '2025-07-27 09:57:53', 0),
(51, '', '', 0, 0, '', '', '', '', '', '', '2025-07-27 09:59:21', 0),
(52, '', '', 0, 0, '', '', '', '', '', '', '2025-07-27 09:59:54', 0),
(53, '', '', 0, 0, '', '', '', '', '', '', '2025-07-27 10:00:23', 0),
(54, '', '', 300, 330, '', '', '', '', '', '', '2025-07-27 10:02:10', 0),
(55, ' .', '', 338, 0, '', '', '', '', '', '', '2025-07-27 10:02:48', 0),
(56, '', '', 100, 205, ' .', '099-026-9040', '', '', '', '', '2025-07-27 10:03:33', 0),
(57, '', '', 315, 781, '', '', '', '', '', '', '2025-07-27 10:04:12', 0),
(58, ' .', '', 365, 0, '', '', '', '', '', '', '2025-07-27 10:04:57', 0),
(59, ' .', '', 433, 0, '', '', '', '', '', '', '2025-07-27 10:05:25', 0),
(60, '( 2)', '', 0, 0, '', '', '', '', '', '', '2025-07-27 10:06:10', 0),
(61, ' .', '', 333, 0, '', '', '', '', '', '', '2025-07-27 10:27:57', 0),
(62, ' .', '', 204, 0, '', '', '', '', '', '', '2025-07-27 10:28:29', 0),
(63, ' .', '', 0, 0, '', '', '', '', '', '', '2025-07-27 10:29:08', 0),
(64, ' .16 .', '', 0, 287, '', '', '', '', '', '', '2025-07-27 10:36:12', 0),
(65, '', '', 500, 0, ' ', '0817606708', '', '', '14.775333', '104.767542', '2025-07-27 10:36:50', 0),
(66, ' .', '', 0, 0, '', '', '', '', '', '', '2025-07-27 10:37:14', 0),
(67, '', '', 57, 0, '', '', '', '', '', '', '2025-07-27 10:38:25', 0),
(68, ' .', '', 93, 0, '', '', '', '', '', '', '2025-07-27 10:38:47', 0),
(69, ' .', '', 83, 0, '', '', '', '', '', '', '2025-07-27 10:40:43', 0),
(70, ' ', '', 500, 0, '', '', '', '', '', '', '2025-07-28 07:30:38', 0),
(71, ' ', '', 300, 350, '  ', '0933538764', '', '', '', '', '2025-07-28 08:13:54', 0),
(72, ' . ', '', 20, 400, ' . ', '086-0343308', '', '', '', '', '2025-07-28 08:27:54', 0),
(73, '', '', 500, 397, '', '', '', '', '', '', '2025-07-28 08:29:23', 0),
(74, ' ()', '', 170, 170, '', '', '', '', '', '', '2025-07-28 08:34:14', 0),
(75, '', '', 0, 0, '', '', '', '', '', '', '2025-07-28 08:34:49', 0),
(76, ' 29', '', 90, 90, '', '063-7541588', '', '', '', '', '2025-07-28 08:35:58', 0),
(77, ' ()', '', 0, 84, '', '', '', '', '', '', '2025-07-28 08:37:13', 0),
(78, '', '', 300, 350, ' ', '093-3538764', '', '', '', '', '2025-07-28 08:41:00', 0),
(79, '', '', 300, 264, ' ', '0829964755', '', '', '', '', '2025-07-28 08:42:17', 0),
(80, '', '', 200, 310, ' ', '0610728690', '', '', '', '', '2025-07-28 08:43:26', 0),
(81, '', '', 500, 136, ' ', '085-429-0854', '', '', '', '', '2025-07-28 08:44:40', 0),
(82, '', '', 200, 95, ' ', '0879308780', '', '', '', '', '2025-07-28 08:45:33', 0),
(83, '', '', 500, 201, ' ', '094-373-8846', '', '', '', '', '2025-07-28 08:46:27', 0),
(84, '', '', 200, 0, '  ', '081-709-9748', '', '', '', '', '2025-07-28 08:47:40', 0),
(85, ' .', '', 500, 0, ' ', '085-612-1552', '', '', '', '', '2025-07-28 08:48:51', 0),
(86, ' .', '', 500, 0, ' ', '092-821-3447', '', '', '', '', '2025-07-28 08:50:24', 0),
(87, '', '', 150, 0, '', '', '', '', '', '', '2025-07-28 08:51:18', 0),
(88, '', '', 150, 0, ' ', '(+66) 86 255 4729', '', '', '', '', '2025-07-28 08:51:48', 0),
(89, '', '', 300, 0, '', '', '', '', '', '', '2025-07-28 08:52:26', 0),
(91, '', '', 200, 138, '', '', '', '', '', '', '2025-07-28 08:55:12', 0),
(92, '', '', 100, 0, '', '', '', '', '', '', '2025-07-28 08:55:38', 0),
(93, '', '', 100, 350, ' ', '098-351-9464', '', '', '', '', '2025-07-28 08:56:37', 0),
(94, '', '', 2100, 2106, ' ', '098-351-9464', '', '', '', '', '2025-07-28 08:58:13', 0),
(95, '', '', 200, 210, ' ', '098-351-9464', '', '', '', '', '2025-07-28 08:59:09', 0),
(96, '', '', 100, 282, ' ', '098-351-9464', '', '', '', '', '2025-07-28 08:59:51', 0),
(97, '. ', '', 38, 38, '', '', '', '', '', '', '2025-07-28 09:00:41', 0),
(98, '', '', 20, 20, '', '', '', '', '', '', '2025-07-28 09:01:13', 0),
(99, '', '', 165, 165, '', '', '', '', '', '', '2025-07-28 09:01:59', 0),
(100, '', '', 61, 61, '', '', '', '', '', '', '2025-07-28 09:02:43', 0),
(101, '', '', 63, 63, '', '', '', '', '', '', '2025-07-28 09:03:18', 0),
(102, '', '', 65, 65, '', '', '', '', '', '', '2025-07-28 09:03:51', 0),
(103, '', '', 250, 250, '', '', '', '', '', '', '2025-07-28 09:04:19', 0),
(104, '', '', 65, 65, '', '', '', '', '', '', '2025-07-28 09:04:49', 0),
(105, '', '', 468, 468, '', '', '', '', '', '', '2025-07-28 09:05:24', 0),
(106, '', '', 225, 225, '', '', '', '', '', '', '2025-07-28 09:06:48', 0),
(107, '  7', '', 5, 5, '', '', '', '', '', '', '2025-07-28 09:07:22', 0),
(108, '', '', 39, 39, '', '', '', '', '', '', '2025-07-28 09:07:56', 0),
(109, ' .11', '', 99, 99, '', '', '', '', '', '', '2025-07-28 09:08:47', 0),
(110, '', '', 11, 11, '', '', '', '', '', '', '2025-07-28 09:10:42', 0),
(111, ' .2', '', 66, 66, '', '', '', '', '', '', '2025-07-28 09:13:23', 0),
(112, ' .14', '', 82, 82, '', '', '', '', '', '', '2025-07-28 09:13:53', 0),
(113, ' .5', '', 142, 142, '', '', '', '', '', '', '2025-07-28 09:14:25', 0),
(114, ' . 10', '', 157, 157, '', '', '', '', '', '', '2025-07-28 09:14:53', 0),
(115, ' .8', '', 50, 50, '', '', '', '', '', '', '2025-07-28 09:15:21', 0),
(117, ' .3', '', 160, 160, '', '', '', '', '', '', '2025-07-28 09:18:01', 0),
(118, ' .6', '', 118, 118, '', '', '', '', '', '', '2025-07-28 09:18:40', 0),
(119, '', '', 936, 936, ' ', '098-351-9464', '', '', '', '', '2025-07-28 09:19:27', 0),
(120, '', '', 104, 104, ' ', '098-351-9464', '', '', '', '', '2025-07-28 09:19:51', 0),
(121, '', '', 450, 387, ' ', '098-351-9464', '', '', '', '', '2025-07-28 09:20:22', 0),
(122, '', '', 236, 236, ' ', '098-351-9464', '', '', '', '', '2025-07-28 09:21:42', 0),
(123, '', '', 142, 142, '', '', '', '', '', '', '2025-07-28 09:22:27', 0),
(124, ' .5', '', 346, 346, '', '', '', '', '', '', '2025-07-28 09:22:58', 0),
(125, '', '', 143, 143, '', '', '', '', '', '', '2025-07-28 09:23:22', 0),
(126, '', '', 0, 0, '', '', '', '', '', '', '2025-07-28 09:23:39', 0),
(127, '', '', 71, 71, '', '', '', '', '', '', '2025-07-28 09:23:52', 0),
(128, ' .10', '', 10, 10, '', '', '', '', '', '', '2025-07-28 09:24:13', 0),
(129, ' .11', '', 7, 7, '', '', '', '', '', '', '2025-07-28 09:24:35', 0),
(130, ' .2', '', 35, 35, '', '', '', '', '', '', '2025-07-28 09:24:57', 0),
(131, ' .8', '', 24, 24, '', '', '', '', '', '', '2025-07-28 09:25:27', 0),
(132, ' .7', '', 73, 73, '', '', '', '', '', '', '2025-07-28 09:26:31', 0),
(133, '', '', 0, 20, '', '', '', '', '', '', '2025-07-28 09:26:39', 0),
(134, ' .5', '', 190, 190, '', '', '', '', '', '', '2025-07-28 09:26:54', 0),
(135, ' .3', '', 70, 70, '', '', '', '', '', '', '2025-07-28 09:27:21', 0),
(136, ' .13', '', 87, 87, '', '', '', '', '', '', '2025-07-28 09:27:55', 0),
(138, ' .9', '', 46, 46, '', '', '', '', '', '', '2025-07-28 09:28:50', 0),
(139, ' .2', '', 120, 120, '', '', '', '', '', '', '2025-07-28 09:29:11', 0),
(140, '', '', 0, 90, '', '', '', '', '', '', '2025-07-28 09:29:20', 0),
(141, ' .10', '', 53, 53, '', '', '', '', '', '', '2025-07-28 09:29:58', 0),
(142, ' .4', '', 73, 73, '', '', '', '', '', '', '2025-07-28 09:30:18', 0),
(143, ' .6', '', 116, 116, '', '', '', '', '', '', '2025-07-28 09:31:12', 0),
(144, ' .11', '', 147, 147, '', '', '', '', '', '', '2025-07-28 09:31:38', 0),
(145, '', '', 0, 5200, '. ', '081-066-0203', '', '', '', '', '2025-07-28 09:31:57', 0),
(146, ' .1', '', 130, 130, '', '', '', '', '', '', '2025-07-28 09:32:01', 0),
(147, ' .3', '', 32, 32, '', '', '', '', '', '', '2025-07-28 09:32:20', 0),
(148, ' .10', '', 70, 70, '', '', '', '', '', '', '2025-07-28 09:32:44', 0),
(150, ' .1', '', 66, 66, '', '', '', '', '', '', '2025-07-28 09:36:50', 0),
(151, ' . 2', '', 104, 104, '', '', '', '', '', '', '2025-07-28 09:37:18', 0),
(152, ' .6 ', '', 82, 82, '', '', '', '', '', '', '2025-07-28 09:37:46', 0),
(153, '', '', 0, 245, ' ', '082-874-1120', '', '', '', '', '2025-07-28 09:37:56', 0),
(154, ' . 5', '', 30, 30, '', '', '', '', '', '', '2025-07-28 09:38:11', 0),
(155, ' .7', '', 50, 50, '', '', '', '', '', '', '2025-07-28 09:38:43', 0),
(156, ' .9', '', 4, 4, '', '', '', '', '', '', '2025-07-28 09:39:04', 0),
(157, '', '', 0, 303, ' ', '094-835-6208', '', '', '', '', '2025-07-28 09:39:18', 0),
(158, ' .11', '', 10, 10, '', '', '', '', '', '', '2025-07-28 09:39:33', 0),
(159, '', '', 0, 561, ' ', '084-241-7996', '', '', '', '', '2025-07-28 09:40:08', 0),
(160, '', '', 0, 389, ' ', '082-127-2309', '', '', '', '', '2025-07-28 09:41:24', 0),
(161, '', '', 0, 365, ' ', '098-351-6495', '', '', '', '', '2025-07-28 09:42:42', 0),
(162, '  ', '', 0, 728, ' ', '083-857-8742', '', '', '', '', '2025-07-28 09:44:59', 0),
(163, '  ', '', 0, 1365, ' ', '089-286-7387', '', '', '', '', '2025-07-28 09:46:54', 0),
(164, ' ()', '', 0, 85, '', '', '', '', '', '', '2025-07-28 09:46:57', 0),
(165, '  ', '', 0, 405, ' ', '099-889-9869', '', '', '', '', '2025-07-28 09:48:14', 0),
(166, '', '', 0, 91, '', '', '', '', '', '', '2025-07-28 09:48:55', 0),
(167, '', '', 0, 669, ' ', '065-123-0497', '', '', '', '', '2025-07-28 09:49:32', 0),
(168, '', '', 0, 78, '', '', '', '', '', '', '2025-07-28 09:49:44', 0),
(169, '', '', 400, 432, '432', '', '', '', '', '', '2025-07-28 09:53:06', 0),
(170, '', '', 400, 389, '', '', '', '', '', '', '2025-07-28 09:55:29', 0),
(171, '', '', 100, 227, '', '', '', '', '', '', '2025-07-28 09:56:02', 0),
(172, '', '', 300, 227, '', '', '', '', '', '', '2025-07-28 09:56:31', 0),
(173, '', '', 300, 325, '', '', '', '', '', '', '2025-07-28 09:56:58', 0),
(176, '', '', 150, 167, '', '', '', '', '', '', '2025-07-28 09:59:52', 0),
(177, '', '', 100, 138, '', '', '', '', '', '', '2025-07-28 10:00:22', 0),
(178, '', '', 100, 14, ' ', '0830455552', '', '', '', '', '2025-07-28 10:00:54', 0),
(179, '', '', 255, 266, '', '', '', '', '', '', '2025-07-28 10:01:21', 0),
(180, '', '', 200, 97, ' ', '0830455552', '', '', '', '', '2025-07-28 10:02:13', 0),
(181, '', '', 200, 27, '', '', '', '', '', '', '2025-07-28 10:02:54', 0),
(182, '', '', 300, 196, '', '', '', '', '', '', '2025-07-28 10:03:18', 0),
(183, '', '', 150, 8, '', '', '', '', '', '', '2025-07-28 10:03:49', 0),
(184, '', '', 200, 47, '', '', '', '', '', '', '2025-07-28 10:04:13', 0),
(185, '', '', 150, 48, '', '', '', '', '', '', '2025-07-28 10:05:01', 0),
(187, '', '', 0, 206, '', '', '', '', '', '', '2025-07-28 10:09:37', 0),
(188, '', '', 300, 284, '', '', '', '', '', '', '2025-07-28 10:10:34', 0),
(189, '', '', 300, 168, '', '', '', '', '', '', '2025-07-28 10:12:08', 0),
(190, '', '', 300, 186, '', '', '', '', '', '', '2025-07-28 10:12:58', 0),
(191, '', '', 150, 206, '', '', '', '', '', '', '2025-07-28 10:13:33', 0),
(192, '', '', 150, 0, '', '', '', '', '', '', '2025-07-28 10:14:04', 0),
(193, '', '', 300, 83, '', '', '', '', '', '', '2025-07-28 10:14:33', 0),
(194, '', '', 300, 0, '', '', '', '', '', '', '2025-07-28 10:15:04', 0),
(195, '', '', 300, 177, '', '', '', '', '', '', '2025-07-28 10:15:59', 0),
(196, '', '', 200, 76, '', '', '', '', '', '', '2025-07-28 10:16:40', 0),
(197, '', '', 200, 99, '', '', '', '', '', '', '2025-07-28 10:17:27', 0),
(198, '', '', 200, 24, '', '', '', '', '', '', '2025-07-28 10:17:50', 0),
(199, '', '', 100, 94, ' .', '061-126-6911', '', '', '', '', '2025-07-28 10:18:14', 0),
(200, '', '', 100, 12, '', '', '', '', '', '', '2025-07-28 10:18:21', 0),
(201, '', '', 100, 0, '', '', '', '', '', '', '2025-07-28 10:18:47', 0),
(202, '', '', 200, 151, ' .', '061-126-6911', '', '', '', '', '2025-07-28 10:19:02', 0),
(203, '', '', 0, 100, ' .', '061-126-6911', '', '', '', '', '2025-07-28 10:19:48', 0),
(204, '', '', 100, 180, '', '0890578852', '', '', '', '', '2025-07-28 10:20:38', 0),
(206, '', '', 40, 40, '', '089-057-8852', '', '', '', '', '2025-07-28 10:21:21', 0),
(208, '', '', 100, 55, ' .', '081-932-4914', '', '', '', '', '2025-07-28 10:22:15', 0),
(209, '', '', 100, 80, ' .', '081-932-4914', '', '', '', '', '2025-07-28 10:23:08', 0),
(210, '', '', 50, 240, ' .', ' 081-932-4914', '', '', '', '', '2025-07-28 10:23:53', 0),
(211, '', '', 50, 105, ' . ', '081-932-4914 ', '', '', '', '', '2025-07-28 10:26:35', 0),
(212, '', '', 100, 100, ' .', '081-932-4914 ', '', '', '', '', '2025-07-28 10:27:16', 0),
(213, '', '', 100, 100, '.. ', '065-745-8130', '', '', '', '', '2025-07-28 10:29:31', 0),
(214, '', '', 100, 8, '', '065-745-8130', '', '', '', '', '2025-07-28 10:31:04', 0),
(215, ' .', '', 200, 0, '', '', '', '', '', '', '2025-07-28 10:31:10', 0),
(216, ' .', '', 200, 104, '', '', '', '', '', '', '2025-07-28 10:31:46', 0),
(217, '', '', 100, 16, '.. ', '065-745-8130', '', '', '', '', '2025-07-28 10:32:11', 0),
(218, '', '', 20, 25, '', '', '', '', '', '', '2025-07-28 10:32:23', 0),
(219, '', '', 0, 2, '.. ', '065-745-8130', '', '', '', '', '2025-07-28 10:33:01', 0),
(220, '', '', 0, 24, '', '', '', '', '', '', '2025-07-28 10:33:11', 0),
(221, '', '', 50, 0, '.. ', '065-745-8130', '', '', '', '', '2025-07-28 10:33:55', 0),
(222, '', '', 50, 0, '.. ', '065-745-8130', '', '', '', '', '2025-07-28 10:35:18', 0),
(223, '', '', 50, 10, '', '065-745-8130', '', '', '', '', '2025-07-28 10:36:02', 0),
(224, '', '', 100, 4, ' ', '065-745-8130', '', '', '', '', '2025-07-28 10:36:32', 0),
(226, ' .17', '', 300, 0, '', '081-9774560', '', '', '', '', '2025-07-28 10:55:48', 0),
(227, '', '', 70, 300, '', '084-962-7449', '', '', '', '', '2025-07-28 10:55:58', 0),
(228, ' .3', '', 20, 0, ' . ', '086-0343308', '', '', '', '', '2025-07-28 10:56:16', 0),
(229, ' .8', '', 450, 0, '', '', '', '', '', '', '2025-07-28 10:56:40', 0),
(230, '', '', 200, 0, '', '087-242-4265', '', '', '', '', '2025-07-28 10:57:36', 0),
(231, ' ()', '', 100, 180, '', '084-962-7449', '', '', '', '', '2025-07-28 10:57:40', 0),
(232, '', '', 100, 15, '', '', '', '', '', '', '2025-07-28 10:58:50', 0),
(233, '', '', 100, 3, '', '', '', '', '', '', '2025-07-28 10:59:32', 0),
(234, '', '', 100, 55, '', '', '', '', '', '', '2025-07-28 10:59:59', 0),
(235, '', '', 100, 9, '', '', '', '', '', '', '2025-07-28 11:00:24', 0),
(236, '', '', 50, 12, '', '', '', '', '', '', '2025-07-28 11:00:56', 0),
(237, ' .19', '', 20, 0, ' . ', '086-0343308', '', '', '', '', '2025-07-28 11:02:39', 0),
(238, ' .1', '', 50, 0, ' . ', '081-9995636', '', '', '', '', '2025-07-28 11:02:56', 0),
(239, ' .2', '', 100, 0, ' . ', '086-0343308', '', '', '', '', '2025-07-28 11:03:18', 0),
(240, '', '', 280, 342, '', '061-027-2720', '', '', '', '', '2025-07-28 11:03:29', 0),
(241, ' .11', '', 150, 0, '  .', ' 089-8460039', '', '', '', '', '2025-07-28 11:03:50', 0),
(242, '', '', 50, 50, '', '061-027-2720', '', '', '', '', '2025-07-28 11:04:09', 0),
(243, '', '', 30, 30, '', '', '', '', '', '', '2025-07-28 11:05:17', 0),
(244, '', '', 100, 132, '', '080-513-6871', '', '', '', '', '2025-07-28 11:06:20', 0),
(245, '', '', 200, 0, '', '080-513-6871', '', '', '', '', '2025-07-28 11:07:32', 0),
(246, '', '', 200, 78, ' . ', '083-377-4442', '', '', '', '', '2025-07-28 11:08:17', 0),
(247, '', '', 60, 0, '', '062-267-0034', '', '', '', '', '2025-07-28 11:08:57', 0),
(248, '', '', 100, 218, '', '081-065-7105', '', '', '', '', '2025-07-28 11:10:21', 0),
(249, ' ()', '', 0, 180, '', '096-879-9362', '', '', '', '', '2025-07-28 11:59:47', 0),
(250, '', '', 0, 100, '', '', '', '', '', '', '2025-07-28 12:00:32', 0),
(251, '', '', 0, 20, '', '', '', '', '', '', '2025-07-28 12:01:14', 0),
(252, '', '', 0, 15, '', '', '', '', '', '', '2025-07-28 12:02:33', 0),
(254, '', '', 350, 364, ' ', '0835043264', '', '', '14.678792', '104.833055', '2025-07-29 02:57:42', 0);

-- --------------------------------------------------------

--
-- Table structure for table `shelter_logs`
--

CREATE TABLE `shelter_logs` (
  `id` int(11) NOT NULL,
  `shelter_id` int(11) NOT NULL,
  `item_name` varchar(255) NOT NULL,
  `item_unit` varchar(50) NOT NULL,
  `change_amount` int(11) NOT NULL,
  `log_type` enum('add','subtract') NOT NULL,
  `new_total` int(11) NOT NULL,
  `created_at` timestamp NOT NULL DEFAULT current_timestamp()
) ENGINE=InnoDB DEFAULT CHARSET=utf8mb4 COLLATE=utf8mb4_unicode_ci;

--
-- Dumping data for table `shelter_logs`
--

INSERT INTO `shelter_logs` (`id`, `shelter_id`, `item_name`, `item_unit`, `change_amount`, `log_type`, `new_total`, `created_at`) VALUES
(3, 71, ' ()', '', 350, 'add', 350, '0000-00-00 00:00:00'),
(4, 72, ' ()', '', 200, 'add', 200, '0000-00-00 00:00:00'),
(5, 73, ' ()', '', 390, 'add', 390, '0000-00-00 00:00:00'),
(6, 74, ' ()', '', 170, 'add', 170, '0000-00-00 00:00:00'),
(7, 76, ' ()', '', 90, 'add', 90, '0000-00-00 00:00:00'),
(8, 77, ' ()', '', 68, 'add', 68, '0000-00-00 00:00:00'),
(9, 78, ' ()', '', 350, 'add', 350, '0000-00-00 00:00:00'),
(10, 79, ' ()', '', 264, 'add', 264, '0000-00-00 00:00:00'),
(11, 80, ' ()', '', 310, 'add', 310, '0000-00-00 00:00:00'),
(12, 81, ' ()', '', 136, 'add', 136, '0000-00-00 00:00:00'),
(13, 82, ' ()', '', 95, 'add', 95, '0000-00-00 00:00:00'),
(14, 83, ' ()', '', 201, 'add', 201, '0000-00-00 00:00:00'),
(15, 90, ' ()', '', 138, 'add', 138, '0000-00-00 00:00:00'),
(16, 91, ' ()', '', 138, 'add', 138, '0000-00-00 00:00:00'),
(17, 93, ' ()', '', 350, 'add', 350, '0000-00-00 00:00:00'),
(18, 94, ' ()', '', 2106, 'add', 2106, '0000-00-00 00:00:00'),
(19, 95, ' ()', '', 210, 'add', 210, '0000-00-00 00:00:00'),
(20, 97, ' ()', '', 38, 'add', 38, '0000-00-00 00:00:00'),
(21, 98, ' ()', '', 20, 'add', 20, '0000-00-00 00:00:00'),
(22, 99, ' ()', '', 165, 'add', 165, '0000-00-00 00:00:00'),
(23, 100, ' ()', '', 61, 'add', 61, '0000-00-00 00:00:00'),
(24, 101, ' ()', '', 63, 'add', 63, '0000-00-00 00:00:00'),
(25, 102, ' ()', '', 65, 'add', 65, '0000-00-00 00:00:00'),
(26, 103, ' ()', '', 250, 'add', 250, '0000-00-00 00:00:00'),
(27, 104, ' ()', '', 65, 'add', 65, '0000-00-00 00:00:00'),
(28, 105, ' ()', '', 468, 'add', 468, '0000-00-00 00:00:00'),
(29, 106, ' ()', '', 225, 'add', 225, '0000-00-00 00:00:00'),
(30, 107, ' ()', '', 5, 'add', 5, '0000-00-00 00:00:00'),
(31, 108, ' ()', '', 39, 'add', 39, '0000-00-00 00:00:00'),
(32, 109, ' ()', '', 99, 'add', 99, '0000-00-00 00:00:00'),
(33, 110, ' ()', '', 11, 'add', 11, '0000-00-00 00:00:00'),
(34, 111, ' ()', '', 66, 'add', 66, '0000-00-00 00:00:00'),
(35, 112, ' ()', '', 82, 'add', 82, '0000-00-00 00:00:00'),
(36, 113, ' ()', '', 142, 'add', 142, '0000-00-00 00:00:00'),
(37, 114, ' ()', '', 157, 'add', 157, '0000-00-00 00:00:00'),
(38, 115, ' ()', '', 50, 'add', 50, '0000-00-00 00:00:00'),
(39, 116, ' ()', '', 160, 'add', 160, '0000-00-00 00:00:00'),
(40, 117, ' ()', '', 160, 'add', 160, '0000-00-00 00:00:00'),
(41, 118, ' ()', '', 118, 'add', 118, '0000-00-00 00:00:00'),
(42, 119, ' ()', '', 936, 'add', 936, '0000-00-00 00:00:00'),
(43, 120, ' ()', '', 104, 'add', 104, '0000-00-00 00:00:00'),
(44, 121, ' ()', '', 349, 'add', 349, '0000-00-00 00:00:00'),
(45, 122, ' ()', '', 236, 'add', 236, '0000-00-00 00:00:00'),
(46, 123, ' ()', '', 142, 'add', 142, '0000-00-00 00:00:00'),
(47, 124, ' ()', '', 346, 'add', 346, '0000-00-00 00:00:00'),
(48, 125, ' ()', '', 143, 'add', 143, '0000-00-00 00:00:00'),
(49, 127, ' ()', '', 71, 'add', 71, '0000-00-00 00:00:00'),
(50, 128, ' ()', '', 10, 'add', 10, '0000-00-00 00:00:00'),
(51, 129, ' ()', '', 7, 'add', 7, '0000-00-00 00:00:00'),
(52, 130, ' ()', '', 35, 'add', 35, '0000-00-00 00:00:00'),
(53, 131, ' ()', '', 24, 'add', 24, '0000-00-00 00:00:00'),
(54, 132, ' ()', '', 73, 'add', 73, '0000-00-00 00:00:00'),
(55, 134, ' ()', '', 190, 'add', 190, '0000-00-00 00:00:00'),
(56, 135, ' ()', '', 70, 'add', 70, '0000-00-00 00:00:00'),
(57, 136, ' ()', '', 87, 'add', 87, '0000-00-00 00:00:00'),
(58, 133, ' ()', '', 20, 'add', 20, '0000-00-00 00:00:00'),
(59, 137, ' ()', '', 80, 'add', 80, '0000-00-00 00:00:00'),
(60, 138, ' ()', '', 46, 'add', 46, '0000-00-00 00:00:00'),
(61, 139, ' ()', '', 120, 'add', 120, '0000-00-00 00:00:00'),
(62, 140, ' ()', '', 90, 'add', 90, '0000-00-00 00:00:00'),
(63, 141, ' ()', '', 53, 'add', 53, '0000-00-00 00:00:00'),
(64, 142, ' ()', '', 73, 'add', 73, '0000-00-00 00:00:00'),
(65, 143, ' ()', '', 116, 'add', 116, '0000-00-00 00:00:00'),
(66, 144, ' ()', '', 147, 'add', 147, '0000-00-00 00:00:00'),
(67, 146, ' ()', '', 130, 'add', 130, '0000-00-00 00:00:00'),
(68, 147, ' ()', '', 32, 'add', 32, '0000-00-00 00:00:00'),
(69, 148, ' ()', '', 70, 'add', 70, '0000-00-00 00:00:00'),
(70, 149, ' ()', '', 66, 'add', 66, '0000-00-00 00:00:00'),
(71, 145, ' ()', '', 5200, 'add', 5200, '0000-00-00 00:00:00'),
(72, 150, ' ()', '', 66, 'add', 66, '0000-00-00 00:00:00'),
(73, 151, ' ()', '', 104, 'add', 104, '0000-00-00 00:00:00'),
(74, 152, ' ()', '', 82, 'add', 82, '0000-00-00 00:00:00'),
(75, 154, ' ()', '', 30, 'add', 30, '0000-00-00 00:00:00'),
(76, 153, ' ()', '', 245, 'add', 245, '0000-00-00 00:00:00'),
(77, 155, ' ()', '', 50, 'add', 50, '0000-00-00 00:00:00'),
(78, 156, ' ()', '', 4, 'add', 4, '0000-00-00 00:00:00'),
(79, 157, ' ()', '', 303, 'add', 303, '0000-00-00 00:00:00'),
(80, 158, ' ()', '', 10, 'add', 10, '0000-00-00 00:00:00'),
(81, 72, ' ()', '', 340, 'add', 540, '0000-00-00 00:00:00'),
(82, 159, ' ()', '', 561, 'add', 561, '0000-00-00 00:00:00'),
(83, 72, ' ()', '', 200, 'subtract', 340, '0000-00-00 00:00:00'),
(84, 160, ' ()', '', 389, 'add', 389, '0000-00-00 00:00:00'),
(85, 73, ' ()', '', 7, 'add', 397, '0000-00-00 00:00:00'),
(86, 161, ' ()', '', 365, 'add', 365, '0000-00-00 00:00:00'),
(87, 77, ' ()', '', 16, 'add', 84, '0000-00-00 00:00:00'),
(88, 162, ' ()', '', 728, 'add', 728, '0000-00-00 00:00:00'),
(89, 163, ' ()', '', 1365, 'add', 1365, '0000-00-00 00:00:00'),
(90, 164, ' ()', '', 85, 'add', 85, '0000-00-00 00:00:00'),
(91, 165, ' ()', '', 405, 'add', 405, '0000-00-00 00:00:00'),
(92, 166, ' ()', '', 91, 'add', 91, '0000-00-00 00:00:00'),
(93, 168, ' ()', '', 78, 'add', 78, '0000-00-00 00:00:00'),
(94, 167, ' ()', '', 669, 'add', 669, '0000-00-00 00:00:00'),
(95, 169, ' ()', '', 432, 'add', 432, '0000-00-00 00:00:00'),
(96, 170, ' ()', '', 389, 'add', 389, '0000-00-00 00:00:00'),
(97, 171, ' ()', '', 227, 'add', 227, '0000-00-00 00:00:00'),
(98, 172, ' ()', '', 227, 'add', 227, '0000-00-00 00:00:00'),
(99, 173, ' ()', '', 325, 'add', 325, '0000-00-00 00:00:00'),
(100, 174, ' ()', '', 167, 'add', 167, '0000-00-00 00:00:00'),
(101, 176, ' ()', '', 167, 'add', 167, '0000-00-00 00:00:00'),
(102, 177, ' ()', '', 138, 'add', 138, '0000-00-00 00:00:00'),
(103, 175, ' ()', '', 1080, 'add', 1080, '0000-00-00 00:00:00'),
(104, 178, ' ()', '', 14, 'add', 14, '0000-00-00 00:00:00'),
(105, 179, ' ()', '', 266, 'add', 266, '0000-00-00 00:00:00'),
(106, 96, ' ()', '', 282, 'add', 282, '0000-00-00 00:00:00'),
(107, 180, ' ()', '', 8, 'add', 8, '0000-00-00 00:00:00'),
(108, 181, ' ()', '', 27, 'add', 27, '0000-00-00 00:00:00'),
(109, 182, ' ()', '', 196, 'add', 196, '0000-00-00 00:00:00'),
(110, 183, ' ()', '', 8, 'add', 8, '0000-00-00 00:00:00'),
(111, 184, ' ()', '', 47, 'add', 47, '0000-00-00 00:00:00'),
(112, 185, ' ()', '', 48, 'add', 48, '0000-00-00 00:00:00'),
(113, 187, ' ()', '', 206, 'add', 206, '0000-00-00 00:00:00'),
(114, 188, ' ()', '', 284, 'add', 284, '0000-00-00 00:00:00'),
(115, 54, ' ()', '', 330, 'add', 330, '0000-00-00 00:00:00'),
(116, 56, ' ()', '', 205, 'add', 205, '0000-00-00 00:00:00'),
(117, 189, ' ()', '', 168, 'add', 168, '0000-00-00 00:00:00'),
(118, 190, ' ()', '', 186, 'add', 186, '0000-00-00 00:00:00'),
(119, 191, ' ()', '', 206, 'add', 206, '0000-00-00 00:00:00'),
(120, 193, ' ()', '', 83, 'add', 83, '0000-00-00 00:00:00'),
(121, 195, ' ()', '', 177, 'add', 177, '0000-00-00 00:00:00'),
(122, 196, ' ()', '', 76, 'add', 76, '0000-00-00 00:00:00'),
(123, 197, ' ()', '', 99, 'add', 99, '0000-00-00 00:00:00'),
(124, 198, ' ()', '', 24, 'add', 24, '0000-00-00 00:00:00'),
(125, 199, ' ()', '', 94, 'add', 94, '0000-00-00 00:00:00'),
(126, 200, ' ()', '', 12, 'add', 12, '0000-00-00 00:00:00'),
(127, 202, ' ()', '', 151, 'add', 151, '0000-00-00 00:00:00'),
(128, 203, ' ()', '', 100, 'add', 100, '0000-00-00 00:00:00'),
(129, 204, ' ()', '', 180, 'add', 180, '0000-00-00 00:00:00'),
(130, 206, ' ()', '', 40, 'add', 40, '0000-00-00 00:00:00'),
(131, 208, ' ()', '', 55, 'add', 55, '0000-00-00 00:00:00'),
(132, 207, ' ()', '', 104, 'add', 104, '0000-00-00 00:00:00'),
(133, 209, ' ()', '', 80, 'add', 80, '0000-00-00 00:00:00'),
(134, 210, ' ()', '', 240, 'add', 240, '0000-00-00 00:00:00'),
(135, 211, ' ()', '', 105, 'add', 105, '0000-00-00 00:00:00'),
(136, 212, ' ()', '', 100, 'add', 100, '0000-00-00 00:00:00'),
(137, 213, ' ()', '', 100, 'add', 100, '0000-00-00 00:00:00'),
(138, 214, ' ()', '', 8, 'add', 8, '0000-00-00 00:00:00'),
(139, 216, ' ()', '', 104, 'add', 104, '0000-00-00 00:00:00'),
(140, 217, ' ()', '', 16, 'add', 16, '0000-00-00 00:00:00'),
(141, 218, ' ()', '', 25, 'add', 25, '0000-00-00 00:00:00'),
(142, 219, ' ()', '', 2, 'add', 2, '0000-00-00 00:00:00'),
(143, 220, ' ()', '', 24, 'add', 24, '0000-00-00 00:00:00'),
(144, 223, ' ()', '', 10, 'add', 10, '0000-00-00 00:00:00'),
(145, 224, ' ()', '', 4, 'add', 4, '0000-00-00 00:00:00'),
(146, 227, ' ()', '', 300, 'add', 300, '0000-00-00 00:00:00'),
(147, 231, ' ()', '', 180, 'add', 180, '0000-00-00 00:00:00'),
(148, 232, ' ()', '', 15, 'add', 15, '0000-00-00 00:00:00'),
(149, 233, ' ()', '', 3, 'add', 3, '0000-00-00 00:00:00'),
(150, 234, ' ()', '', 55, 'add', 55, '0000-00-00 00:00:00'),
(151, 235, ' ()', '', 9, 'add', 9, '0000-00-00 00:00:00'),
(152, 236, ' ()', '', 12, 'add', 12, '0000-00-00 00:00:00'),
(153, 240, ' ()', '', 342, 'add', 342, '0000-00-00 00:00:00'),
(154, 242, ' ()', '', 50, 'add', 50, '0000-00-00 00:00:00'),
(155, 243, ' ()', '', 30, 'add', 30, '0000-00-00 00:00:00'),
(156, 244, ' ()', '', 132, 'add', 132, '0000-00-00 00:00:00'),
(157, 248, ' ()', '', 218, 'add', 218, '0000-00-00 00:00:00'),
(158, 72, ' ()', '', 60, 'add', 400, '0000-00-00 00:00:00'),
(159, 246, ' ()', '', 78, 'add', 78, '0000-00-00 00:00:00'),
(160, 15, ' ()', '', 422, 'add', 422, '0000-00-00 00:00:00'),
(161, 249, ' ()', '', 180, 'add', 180, '0000-00-00 00:00:00'),
(162, 250, ' ()', '', 100, 'add', 100, '0000-00-00 00:00:00'),
(163, 251, ' ()', '', 20, 'add', 20, '0000-00-00 00:00:00'),
(164, 252, ' ()', '', 15, 'add', 15, '0000-00-00 00:00:00'),
(165, 14, ' ()', '', 326, 'add', 326, '0000-00-00 00:00:00'),
(166, 15, ' ()', '', 351, 'add', 773, '0000-00-00 00:00:00'),
(167, 16, ' ()', '', 367, 'add', 367, '0000-00-00 00:00:00'),
(168, 17, ' ()', '', 355, 'add', 355, '0000-00-00 00:00:00'),
(169, 18, ' ()', '', 563, 'add', 563, '0000-00-00 00:00:00'),
(170, 19, ' ()', '', 619, 'add', 619, '0000-00-00 00:00:00'),
(171, 20, ' ()', '', 765, 'add', 765, '0000-00-00 00:00:00'),
(172, 21, ' ()', '', 396, 'add', 396, '0000-00-00 00:00:00'),
(173, 24, ' ()', '', 152, 'add', 152, '0000-00-00 00:00:00'),
(174, 22, ' ()', '', 508, 'add', 508, '0000-00-00 00:00:00'),
(175, 23, ' ()', '', 352, 'add', 352, '0000-00-00 00:00:00'),
(176, 25, ' ()', '', 545, 'add', 545, '0000-00-00 00:00:00'),
(177, 253, ' ()', '', 20, 'add', 20, '0000-00-00 00:00:00'),
(178, 137, ' ()', '', 92, 'add', 172, '0000-00-00 00:00:00'),
(179, 6, ' ()', '', 25, 'add', 25, '0000-00-00 00:00:00'),
(180, 57, ' ()', '', 781, 'add', 781, '0000-00-00 00:00:00'),
(181, 64, ' ()', '', 287, 'add', 287, '0000-00-00 00:00:00'),
(182, 121, ' ()', '', 38, 'add', 387, '0000-00-00 00:00:00'),
(183, 181, ' ()', '', 2, 'add', 29, '0000-00-00 00:00:00'),
(184, 181, ' ()', '', 2, 'subtract', 27, '0000-00-00 00:00:00'),
(185, 39, ' ()', '', 152, 'add', 152, '0000-00-00 00:00:00'),
(186, 180, ' ()', '', 89, 'add', 97, '0000-00-00 00:00:00'),
(187, 254, ' ()', '', 364, 'add', 364, '0000-00-00 00:00:00');

-- --------------------------------------------------------

--
-- Table structure for table `shelter_occupant_details`
--

CREATE TABLE `shelter_occupant_details` (
  `id` int(11) NOT NULL,
  `shelter_id` int(11) DEFAULT NULL,
  `male` int(11) NOT NULL,
  `female` int(11) NOT NULL,
  `pregnant` int(11) DEFAULT 0,
  `disabled` int(11) DEFAULT 0,
  `bedridden` int(11) DEFAULT 0,
  `elderly` int(11) DEFAULT 0,
  `children` int(11) DEFAULT 0,
  `diabetes` int(11) DEFAULT 0,
  `hypertension` int(11) DEFAULT 0,
  `heart_disease` int(11) DEFAULT 0,
  `psychiatric` int(11) DEFAULT 0,
  `kidney_dialysis` int(11) DEFAULT 0,
  `other_conditions` text DEFAULT NULL,
  `status` enum('','') NOT NULL,
  `created_at` timestamp NOT NULL DEFAULT current_timestamp(),
  `created_by` int(11) DEFAULT NULL
) ENGINE=InnoDB DEFAULT CHARSET=utf8mb4 COLLATE=utf8mb4_unicode_ci;

-- --------------------------------------------------------

--
-- Table structure for table `staff_shelters`
--

CREATE TABLE `staff_shelters` (
  `id` int(11) NOT NULL,
  `user_id` int(11) NOT NULL,
  `shelter_id` int(11) NOT NULL,
  `created_at` timestamp NOT NULL DEFAULT current_timestamp()
) ENGINE=InnoDB DEFAULT CHARSET=utf8mb4 COLLATE=utf8mb4_unicode_ci;

-- --------------------------------------------------------

--
-- Table structure for table `users`
--

CREATE TABLE `users` (
  `id` int(11) NOT NULL,
  `name` varchar(255) NOT NULL,
  `email` varchar(255) NOT NULL,
  `password` varchar(255) NOT NULL,
  `role` enum('Admin','Coordinator','HealthStaff','User') NOT NULL DEFAULT 'User',
  `status` enum('Active','Inactive') NOT NULL DEFAULT 'Active',
  `assigned_shelter_id` int(11) DEFAULT NULL,
  `created_at` timestamp NOT NULL DEFAULT current_timestamp()
) ENGINE=InnoDB DEFAULT CHARSET=utf8mb4 COLLATE=utf8mb4_unicode_ci;

--
-- Dumping data for table `users`
--

INSERT INTO `users` (`id`, `name`, `email`, `password`, `role`, `status`, `assigned_shelter_id`, `created_at`) VALUES
(1, '', 'admin@example.com', '$2y$10$kdz0oh4G1ouTRxfdcvxgaOCo33.zj5spFXywzdyIxCBDTKWFfp7x2', 'Admin', 'Active', NULL, '2025-07-28 07:11:42'),
(2, ' ', 'dth2ph@gmail.com', '$2y$10$kdz0oh4G1ouTRxfdcvxgaOCo33.zj5spFXywzdyIxCBDTKWFfp7x2', 'Admin', 'Active', NULL, '2025-07-28 07:26:45'),
(3, 'ADMINMEN', 'me.rachar@gmail.com', '$2y$10$ApdgM.lpHlvFOVglP524DuBdHf/wTyvGKowDFoWkQ61hGu9LlWhqu', 'Admin', 'Active', NULL, '2025-07-28 07:33:05'),
(4, '.', 'phafan.hyk@gmail.com', '$2y$10$SURFzQsdxtzbIgZP1qxwXeg7vdXBXFUgNB./f6fABLXkj6UfUfJoC', 'Admin', 'Active', NULL, '2025-07-28 08:22:43'),
(5, ' ', 'aunn78@gmail.com', '$2y$10$b890PqJNmDGdvJxF3K6Y8.JdfkIZ02xeF/sVuElVPnltX8svZJlGG', 'Admin', 'Active', NULL, '2025-07-28 11:28:23'),
(6, ' ', 'pornthiida2085@Gmail.com', '$2y$10$QGtgTeC9NWfc4.VKxR71XuBgsCmIvfYM74h/SQYsLHfLfSbvHHAdG', 'Admin', 'Active', NULL, '2025-07-28 11:28:47'),
(7, '. 2', 'jamsaisomwang@gmail.com', '$2y$10$qxXWWhEf8552Oq8YGhDIIuNW80lAyFXySvF4zxsQ4DRH8Dezcih22', 'Admin', 'Active', NULL, '2025-07-29 03:09:22'),
(8, ' ', 'patpatinna@gmail.com', '$2y$10$KieEzGzHz1iB9Q9wGb.ayeeZPUME91RysdvCkvODICSTNpsg1pqg6', 'Coordinator', 'Active', NULL, '2025-07-29 07:34:05'),
(9, '  ', 'prachoen36@gmail.com', '$2y$10$6nUedyJWCO7Kot.24o3WceyeFcXjlkLABWXhfhwGLbjwOEvDUg0a6', 'Coordinator', 'Active', NULL, '2025-07-29 07:35:22'),
(10, '..', 'Nongbua91@gmail.com', '$2y$10$Lnr7RdEhww/iSLDpAU8qHOxbSQmgUQ4pok616ecjT/pWBM15aQ4wW', 'User', 'Active', NULL, '2025-07-29 07:36:08'),
(11, ' ', 'assara31@gmail.com', '$2y$10$7KQsP1WjhJ2X.oWLcHMG7.7Dp9OAJc22L4hYMc4.YQhW1zr3g55lW', 'Coordinator', 'Active', NULL, '2025-07-29 07:36:43'),
(12, '   ', 'natchanara@outlook.co.th', '$2y$10$PKI9RD2E0nzyXW7If1wn8OsEDcm.vJ.8Q6BRTikzVK..m.8K7Y1Ha', 'Coordinator', 'Active', NULL, '2025-07-29 07:36:54');

--
-- Indexes for dumped tables
--

--
-- Indexes for table `healthstaff_shelters`
--
ALTER TABLE `healthstaff_shelters`
  ADD PRIMARY KEY (`id`),
  ADD UNIQUE KEY `unique_assignment` (`user_id`,`shelter_id`),
  ADD KEY `shelter_id` (`shelter_id`);

--
-- Indexes for table `hospital_daily_reports`
--
ALTER TABLE `hospital_daily_reports`
  ADD PRIMARY KEY (`id`),
  ADD UNIQUE KEY `unique_shelter_date` (`shelter_id`,`report_date`),
  ADD KEY `idx_report_date` (`report_date`),
  ADD KEY `idx_shelter_date` (`shelter_id`,`report_date`);

--
-- Indexes for table `hospital_update_logs`
--
ALTER TABLE `hospital_update_logs`
  ADD PRIMARY KEY (`id`),
  ADD KEY `idx_shelter_date` (`shelter_id`,`report_date`),
  ADD KEY `idx_operation_type` (`operation_type`),
  ADD KEY `idx_created_at` (`created_at`);

--
-- Indexes for table `occupant_update_logs`
--
ALTER TABLE `occupant_update_logs`
  ADD PRIMARY KEY (`log_id`),
  ADD KEY `idx_shelter_id` (`shelter_id`),
  ADD KEY `idx_user_id` (`user_id`),
  ADD KEY `idx_log_timestamp` (`log_timestamp`);

--
-- Indexes for table `settings`
--
ALTER TABLE `settings`
  ADD PRIMARY KEY (`setting_key`);

--
-- Indexes for table `shelters`
--
ALTER TABLE `shelters`
  ADD PRIMARY KEY (`id`);

--
-- Indexes for table `shelter_logs`
--
ALTER TABLE `shelter_logs`
  ADD PRIMARY KEY (`id`),
  ADD KEY `shelter_id` (`shelter_id`);

--
-- Indexes for table `shelter_occupant_details`
--
ALTER TABLE `shelter_occupant_details`
  ADD PRIMARY KEY (`id`),
  ADD KEY `shelter_id` (`shelter_id`),
  ADD KEY `created_by` (`created_by`);

--
-- Indexes for table `staff_shelters`
--
ALTER TABLE `staff_shelters`
  ADD PRIMARY KEY (`id`),
  ADD KEY `user_id` (`user_id`),
  ADD KEY `shelter_id` (`shelter_id`);

--
-- Indexes for table `users`
--
ALTER TABLE `users`
  ADD PRIMARY KEY (`id`),
  ADD UNIQUE KEY `email` (`email`),
  ADD KEY `users_ibfk_1` (`assigned_shelter_id`);

--
-- AUTO_INCREMENT for dumped tables
--

--
-- AUTO_INCREMENT for table `healthstaff_shelters`
--
ALTER TABLE `healthstaff_shelters`
  MODIFY `id` int(11) NOT NULL AUTO_INCREMENT, AUTO_INCREMENT=40;

--
-- AUTO_INCREMENT for table `hospital_daily_reports`
--
ALTER TABLE `hospital_daily_reports`
  MODIFY `id` int(11) NOT NULL AUTO_INCREMENT, AUTO_INCREMENT=181;

--
-- AUTO_INCREMENT for table `hospital_update_logs`
--
ALTER TABLE `hospital_update_logs`
  MODIFY `id` int(11) NOT NULL AUTO_INCREMENT, AUTO_INCREMENT=190;

--
-- AUTO_INCREMENT for table `occupant_update_logs`
--
ALTER TABLE `occupant_update_logs`
  MODIFY `log_id` int(11) NOT NULL AUTO_INCREMENT, AUTO_INCREMENT=3;

--
-- AUTO_INCREMENT for table `shelters`
--
ALTER TABLE `shelters`
  MODIFY `id` int(11) NOT NULL AUTO_INCREMENT, AUTO_INCREMENT=255;

--
-- AUTO_INCREMENT for table `shelter_logs`
--
ALTER TABLE `shelter_logs`
  MODIFY `id` int(11) NOT NULL AUTO_INCREMENT, AUTO_INCREMENT=188;

--
-- AUTO_INCREMENT for table `shelter_occupant_details`
--
ALTER TABLE `shelter_occupant_details`
  MODIFY `id` int(11) NOT NULL AUTO_INCREMENT;

--
-- AUTO_INCREMENT for table `staff_shelters`
--
ALTER TABLE `staff_shelters`
  MODIFY `id` int(11) NOT NULL AUTO_INCREMENT;

--
-- AUTO_INCREMENT for table `users`
--
ALTER TABLE `users`
  MODIFY `id` int(11) NOT NULL AUTO_INCREMENT, AUTO_INCREMENT=202;

--
-- Constraints for dumped tables
--

--
-- Constraints for table `healthstaff_shelters`
--
ALTER TABLE `healthstaff_shelters`
  ADD CONSTRAINT `healthstaff_shelters_ibfk_1` FOREIGN KEY (`user_id`) REFERENCES `users` (`id`) ON DELETE CASCADE,
  ADD CONSTRAINT `healthstaff_shelters_ibfk_2` FOREIGN KEY (`shelter_id`) REFERENCES `shelters` (`id`) ON DELETE CASCADE;

--
-- Constraints for table `hospital_daily_reports`
--
ALTER TABLE `hospital_daily_reports`
  ADD CONSTRAINT `hospital_daily_reports_ibfk_1` FOREIGN KEY (`shelter_id`) REFERENCES `shelters` (`id`) ON DELETE CASCADE;

--
-- Constraints for table `hospital_update_logs`
--
ALTER TABLE `hospital_update_logs`
  ADD CONSTRAINT `hospital_update_logs_ibfk_1` FOREIGN KEY (`shelter_id`) REFERENCES `shelters` (`id`) ON DELETE CASCADE;

--
-- Constraints for table `occupant_update_logs`
--
ALTER TABLE `occupant_update_logs`
  ADD CONSTRAINT `fk_log_shelter` FOREIGN KEY (`shelter_id`) REFERENCES `shelters` (`id`) ON DELETE CASCADE ON UPDATE CASCADE,
  ADD CONSTRAINT `fk_log_user` FOREIGN KEY (`user_id`) REFERENCES `users` (`id`) ON DELETE SET NULL ON UPDATE CASCADE;

--
-- Constraints for table `shelter_occupant_details`
--
ALTER TABLE `shelter_occupant_details`
  ADD CONSTRAINT `shelter_occupant_details_ibfk_1` FOREIGN KEY (`shelter_id`) REFERENCES `shelters` (`id`),
  ADD CONSTRAINT `shelter_occupant_details_ibfk_2` FOREIGN KEY (`created_by`) REFERENCES `users` (`id`);

--
-- Constraints for table `staff_shelters`
--
ALTER TABLE `staff_shelters`
  ADD CONSTRAINT `staff_shelters_ibfk_1` FOREIGN KEY (`user_id`) REFERENCES `users` (`id`),
  ADD CONSTRAINT `staff_shelters_ibfk_2` FOREIGN KEY (`shelter_id`) REFERENCES `shelters` (`id`);

--
-- Constraints for table `users`
--
ALTER TABLE `users`
  ADD CONSTRAINT `users_ibfk_1` FOREIGN KEY (`assigned_shelter_id`) REFERENCES `shelters` (`id`) ON DELETE SET NULL ON UPDATE CASCADE;
COMMIT;

/*!40101 SET CHARACTER_SET_CLIENT=@OLD_CHARACTER_SET_CLIENT */;
/*!40101 SET CHARACTER_SET_RESULTS=@OLD_CHARACTER_SET_RESULTS */;
/*!40101 SET COLLATION_CONNECTION=@OLD_COLLATION_CONNECTION */;
